#ifndef _MOONGLOSS24_H_
#define _MOONGLOSS24_H_

#include <pgmspace.h>

const uint8_t MoonGloss_24[] PROGMEM = {
  0x00, 0x00, 0x00, 0x5f, 0x00, 0x00, 0x00, 0x0b, 0x00, 0x00, 0x00, 0x18,
  0x00, 0x00, 0x00, 0x00, 0x00, 0x00, 0x00, 0x14, 0xff, 0xff, 0xff, 0xfd,
  0x00, 0x00, 0x00, 0x20, 0x00, 0x00, 0x00, 0x00, 0x00, 0x00, 0x00, 0x00,
  0x00, 0x00, 0x00, 0x0c, 0x00, 0x00, 0x00, 0x00, 0x00, 0x00, 0x00, 0x00,
  0x00, 0x00, 0x00, 0x00, 0x00, 0x00, 0x00, 0x21, 0x00, 0x00, 0x00, 0x12,
  0x00, 0x00, 0x00, 0x03, 0x00, 0x00, 0x00, 0x07, 0x00, 0x00, 0x00, 0x12,
  0x00, 0x00, 0x00, 0x02, 0x00, 0x00, 0x00, 0x00, 0x00, 0x00, 0x00, 0x22,
  0x00, 0x00, 0x00, 0x05, 0x00, 0x00, 0x00, 0x06, 0x00, 0x00, 0x00, 0x0a,
  0x00, 0x00, 0x00, 0x12, 0x00, 0x00, 0x00, 0x02, 0x00, 0x00, 0x00, 0x00,
  0x00, 0x00, 0x00, 0x23, 0x00, 0x00, 0x00, 0x12, 0x00, 0x00, 0x00, 0x0d,
  0x00, 0x00, 0x00, 0x0e, 0x00, 0x00, 0x00, 0x12, 0x00, 0x00, 0x00, 0x00,
  0x00, 0x00, 0x00, 0x00, 0x00, 0x00, 0x00, 0x24, 0x00, 0x00, 0x00, 0x14,
  0x00, 0x00, 0x00, 0x0a, 0x00, 0x00, 0x00, 0x0e, 0x00, 0x00, 0x00, 0x13,
  0x00, 0x00, 0x00, 0x02, 0x00, 0x00, 0x00, 0x00, 0x00, 0x00, 0x00, 0x25,
  0x00, 0x00, 0x00, 0x12, 0x00, 0x00, 0x00, 0x0c, 0x00, 0x00, 0x00, 0x0f,
  0x00, 0x00, 0x00, 0x12, 0x00, 0x00, 0x00, 0x01, 0x00, 0x00, 0x00, 0x00,
  0x00, 0x00, 0x00, 0x26, 0x00, 0x00, 0x00, 0x11, 0x00, 0x00, 0x00, 0x0d,
  0x00, 0x00, 0x00, 0x0e, 0x00, 0x00, 0x00, 0x11, 0x00, 0x00, 0x00, 0x00,
  0x00, 0x00, 0x00, 0x00, 0x00, 0x00, 0x00, 0x27, 0x00, 0x00, 0x00, 0x05,
  0x00, 0x00, 0x00, 0x03, 0x00, 0x00, 0x00, 0x07, 0x00, 0x00, 0x00, 0x12,
  0x00, 0x00, 0x00, 0x02, 0x00, 0x00, 0x00, 0x00, 0x00, 0x00, 0x00, 0x28,
  0x00, 0x00, 0x00, 0x14, 0x00, 0x00, 0x00, 0x06, 0x00, 0x00, 0x00, 0x0a,
  0x00, 0x00, 0x00, 0x13, 0x00, 0x00, 0x00, 0x02, 0x00, 0x00, 0x00, 0x00,
  0x00, 0x00, 0x00, 0x29, 0x00, 0x00, 0x00, 0x14, 0x00, 0x00, 0x00, 0x06,
  0x00, 0x00, 0x00, 0x0a, 0x00, 0x00, 0x00, 0x13, 0x00, 0x00, 0x00, 0x02,
  0x00, 0x00, 0x00, 0x00, 0x00, 0x00, 0x00, 0x2a, 0x00, 0x00, 0x00, 0x09,
  0x00, 0x00, 0x00, 0x08, 0x00, 0x00, 0x00, 0x0c, 0x00, 0x00, 0x00, 0x12,
  0x00, 0x00, 0x00, 0x02, 0x00, 0x00, 0x00, 0x00, 0x00, 0x00, 0x00, 0x2b,
  0x00, 0x00, 0x00, 0x09, 0x00, 0x00, 0x00, 0x0a, 0x00, 0x00, 0x00, 0x0c,
  0x00, 0x00, 0x00, 0x0d, 0x00, 0x00, 0x00, 0x01, 0x00, 0x00, 0x00, 0x00,
  0x00, 0x00, 0x00, 0x2c, 0x00, 0x00, 0x00, 0x05, 0x00, 0x00, 0x00, 0x03,
  0x00, 0x00, 0x00, 0x08, 0x00, 0x00, 0x00, 0x03, 0x00, 0x00, 0x00, 0x02,
  0x00, 0x00, 0x00, 0x00, 0x00, 0x00, 0x00, 0x2d, 0x00, 0x00, 0x00, 0x02,
  0x00, 0x00, 0x00, 0x0a, 0x00, 0x00, 0x00, 0x0c, 0x00, 0x00, 0x00, 0x0a,
  0x00, 0x00, 0x00, 0x01, 0x00, 0x00, 0x00, 0x00, 0x00, 0x00, 0x00, 0x2e,
  0x00, 0x00, 0x00, 0x03, 0x00, 0x00, 0x00, 0x03, 0x00, 0x00, 0x00, 0x07,
  0x00, 0x00, 0x00, 0x03, 0x00, 0x00, 0x00, 0x02, 0x00, 0x00, 0x00, 0x00,
  0x00, 0x00, 0x00, 0x2f, 0x00, 0x00, 0x00, 0x12, 0x00, 0x00, 0x00, 0x0a,
  0x00, 0x00, 0x00, 0x0c, 0x00, 0x00, 0x00, 0x12, 0x00, 0x00, 0x00, 0x01,
  0x00, 0x00, 0x00, 0x00, 0x00, 0x00, 0x00, 0x30, 0x00, 0x00, 0x00, 0x12,
  0x00, 0x00, 0x00, 0x0b, 0x00, 0x00, 0x00, 0x0e, 0x00, 0x00, 0x00, 0x12,
  0x00, 0x00, 0x00, 0x01, 0x00, 0x00, 0x00, 0x00, 0x00, 0x00, 0x00, 0x31,
  0x00, 0x00, 0x00, 0x12, 0x00, 0x00, 0x00, 0x09, 0x00, 0x00, 0x00, 0x0e,
  0x00, 0x00, 0x00, 0x12, 0x00, 0x00, 0x00, 0x02, 0x00, 0x00, 0x00, 0x00,
  0x00, 0x00, 0x00, 0x32, 0x00, 0x00, 0x00, 0x12, 0x00, 0x00, 0x00, 0x0b,
  0x00, 0x00, 0x00, 0x0e, 0x00, 0x00, 0x00, 0x12, 0x00, 0x00, 0x00, 0x01,
  0x00, 0x00, 0x00, 0x00, 0x00, 0x00, 0x00, 0x33, 0x00, 0x00, 0x00, 0x12,
  0x00, 0x00, 0x00, 0x0b, 0x00, 0x00, 0x00, 0x0e, 0x00, 0x00, 0x00, 0x12,
  0x00, 0x00, 0x00, 0x01, 0x00, 0x00, 0x00, 0x00, 0x00, 0x00, 0x00, 0x34,
  0x00, 0x00, 0x00, 0x12, 0x00, 0x00, 0x00, 0x0c, 0x00, 0x00, 0x00, 0x0e,
  0x00, 0x00, 0x00, 0x12, 0x00, 0x00, 0x00, 0x01, 0x00, 0x00, 0x00, 0x00,
  0x00, 0x00, 0x00, 0x35, 0x00, 0x00, 0x00, 0x12, 0x00, 0x00, 0x00, 0x0b,
  0x00, 0x00, 0x00, 0x0e, 0x00, 0x00, 0x00, 0x12, 0x00, 0x00, 0x00, 0x01,
  0x00, 0x00, 0x00, 0x00, 0x00, 0x00, 0x00, 0x36, 0x00, 0x00, 0x00, 0x12,
  0x00, 0x00, 0x00, 0x0b, 0x00, 0x00, 0x00, 0x0e, 0x00, 0x00, 0x00, 0x12,
  0x00, 0x00, 0x00, 0x01, 0x00, 0x00, 0x00, 0x00, 0x00, 0x00, 0x00, 0x37,
  0x00, 0x00, 0x00, 0x12, 0x00, 0x00, 0x00, 0x0b, 0x00, 0x00, 0x00, 0x0e,
  0x00, 0x00, 0x00, 0x12, 0x00, 0x00, 0x00, 0x01, 0x00, 0x00, 0x00, 0x00,
  0x00, 0x00, 0x00, 0x38, 0x00, 0x00, 0x00, 0x12, 0x00, 0x00, 0x00, 0x0b,
  0x00, 0x00, 0x00, 0x0e, 0x00, 0x00, 0x00, 0x12, 0x00, 0x00, 0x00, 0x01,
  0x00, 0x00, 0x00, 0x00, 0x00, 0x00, 0x00, 0x39, 0x00, 0x00, 0x00, 0x12,
  0x00, 0x00, 0x00, 0x0b, 0x00, 0x00, 0x00, 0x0e, 0x00, 0x00, 0x00, 0x12,
  0x00, 0x00, 0x00, 0x01, 0x00, 0x00, 0x00, 0x00, 0x00, 0x00, 0x00, 0x3a,
  0x00, 0x00, 0x00, 0x0a, 0x00, 0x00, 0x00, 0x03, 0x00, 0x00, 0x00, 0x08,
  0x00, 0x00, 0x00, 0x0e, 0x00, 0x00, 0x00, 0x02, 0x00, 0x00, 0x00, 0x00,
  0x00, 0x00, 0x00, 0x3b, 0x00, 0x00, 0x00, 0x0b, 0x00, 0x00, 0x00, 0x03,
  0x00, 0x00, 0x00, 0x08, 0x00, 0x00, 0x00, 0x0d, 0x00, 0x00, 0x00, 0x02,
  0x00, 0x00, 0x00, 0x00, 0x00, 0x00, 0x00, 0x3c, 0x00, 0x00, 0x00, 0x09,
  0x00, 0x00, 0x00, 0x0a, 0x00, 0x00, 0x00, 0x0c, 0x00, 0x00, 0x00, 0x0e,
  0x00, 0x00, 0x00, 0x01, 0x00, 0x00, 0x00, 0x00, 0x00, 0x00, 0x00, 0x3d,
  0x00, 0x00, 0x00, 0x07, 0x00, 0x00, 0x00, 0x0a, 0x00, 0x00, 0x00, 0x0c,
  0x00, 0x00, 0x00, 0x0c, 0x00, 0x00, 0x00, 0x01, 0x00, 0x00, 0x00, 0x00,
  0x00, 0x00, 0x00, 0x3e, 0x00, 0x00, 0x00, 0x09, 0x00, 0x00, 0x00, 0x0a,
  0x00, 0x00, 0x00, 0x0c, 0x00, 0x00, 0x00, 0x0e, 0x00, 0x00, 0x00, 0x01,
  0x00, 0x00, 0x00, 0x00, 0x00, 0x00, 0x00, 0x3f, 0x00, 0x00, 0x00, 0x12,
  0x00, 0x00, 0x00, 0x0a, 0x00, 0x00, 0x00, 0x0e, 0x00, 0x00, 0x00, 0x12,
  0x00, 0x00, 0x00, 0x02, 0x00, 0x00, 0x00, 0x00, 0x00, 0x00, 0x00, 0x40,
  0x00, 0x00, 0x00, 0x0c, 0x00, 0x00, 0x00, 0x0b, 0x00, 0x00, 0x00, 0x0e,
  0x00, 0x00, 0x00, 0x0f, 0x00, 0x00, 0x00, 0x01, 0x00, 0x00, 0x00, 0x00,
  0x00, 0x00, 0x00, 0x41, 0x00, 0x00, 0x00, 0x12, 0x00, 0x00, 0x00, 0x0c,
  0x00, 0x00, 0x00, 0x10, 0x00, 0x00, 0x00, 0x12, 0x00, 0x00, 0x00, 0x02,
  0x00, 0x00, 0x00, 0x00, 0x00, 0x00, 0x00, 0x42, 0x00, 0x00, 0x00, 0x12,
  0x00, 0x00, 0x00, 0x0a, 0x00, 0x00, 0x00, 0x0e, 0x00, 0x00, 0x00, 0x12,
  0x00, 0x00, 0x00, 0x02, 0x00, 0x00, 0x00, 0x00, 0x00, 0x00, 0x00, 0x43,
  0x00, 0x00, 0x00, 0x12, 0x00, 0x00, 0x00, 0x0a, 0x00, 0x00, 0x00, 0x0e,
  0x00, 0x00, 0x00, 0x12, 0x00, 0x00, 0x00, 0x02, 0x00, 0x00, 0x00, 0x00,
  0x00, 0x00, 0x00, 0x44, 0x00, 0x00, 0x00, 0x12, 0x00, 0x00, 0x00, 0x0a,
  0x00, 0x00, 0x00, 0x0e, 0x00, 0x00, 0x00, 0x12, 0x00, 0x00, 0x00, 0x02,
  0x00, 0x00, 0x00, 0x00, 0x00, 0x00, 0x00, 0x45, 0x00, 0x00, 0x00, 0x12,
  0x00, 0x00, 0x00, 0x0a, 0x00, 0x00, 0x00, 0x0e, 0x00, 0x00, 0x00, 0x12,
  0x00, 0x00, 0x00, 0x02, 0x00, 0x00, 0x00, 0x00, 0x00, 0x00, 0x00, 0x46,
  0x00, 0x00, 0x00, 0x12, 0x00, 0x00, 0x00, 0x0a, 0x00, 0x00, 0x00, 0x0e,
  0x00, 0x00, 0x00, 0x12, 0x00, 0x00, 0x00, 0x02, 0x00, 0x00, 0x00, 0x00,
  0x00, 0x00, 0x00, 0x47, 0x00, 0x00, 0x00, 0x12, 0x00, 0x00, 0x00, 0x0a,
  0x00, 0x00, 0x00, 0x0e, 0x00, 0x00, 0x00, 0x12, 0x00, 0x00, 0x00, 0x02,
  0x00, 0x00, 0x00, 0x00, 0x00, 0x00, 0x00, 0x48, 0x00, 0x00, 0x00, 0x12,
  0x00, 0x00, 0x00, 0x0a, 0x00, 0x00, 0x00, 0x0e, 0x00, 0x00, 0x00, 0x12,
  0x00, 0x00, 0x00, 0x02, 0x00, 0x00, 0x00, 0x00, 0x00, 0x00, 0x00, 0x49,
  0x00, 0x00, 0x00, 0x12, 0x00, 0x00, 0x00, 0x0a, 0x00, 0x00, 0x00, 0x0e,
  0x00, 0x00, 0x00, 0x12, 0x00, 0x00, 0x00, 0x02, 0x00, 0x00, 0x00, 0x00,
  0x00, 0x00, 0x00, 0x4a, 0x00, 0x00, 0x00, 0x12, 0x00, 0x00, 0x00, 0x0a,
  0x00, 0x00, 0x00, 0x0e, 0x00, 0x00, 0x00, 0x12, 0x00, 0x00, 0x00, 0x02,
  0x00, 0x00, 0x00, 0x00, 0x00, 0x00, 0x00, 0x4b, 0x00, 0x00, 0x00, 0x12,
  0x00, 0x00, 0x00, 0x0a, 0x00, 0x00, 0x00, 0x0e, 0x00, 0x00, 0x00, 0x12,
  0x00, 0x00, 0x00, 0x02, 0x00, 0x00, 0x00, 0x00, 0x00, 0x00, 0x00, 0x4c,
  0x00, 0x00, 0x00, 0x12, 0x00, 0x00, 0x00, 0x0a, 0x00, 0x00, 0x00, 0x0e,
  0x00, 0x00, 0x00, 0x12, 0x00, 0x00, 0x00, 0x02, 0x00, 0x00, 0x00, 0x00,
  0x00, 0x00, 0x00, 0x4d, 0x00, 0x00, 0x00, 0x12, 0x00, 0x00, 0x00, 0x0d,
  0x00, 0x00, 0x00, 0x11, 0x00, 0x00, 0x00, 0x12, 0x00, 0x00, 0x00, 0x02,
  0x00, 0x00, 0x00, 0x00, 0x00, 0x00, 0x00, 0x4e, 0x00, 0x00, 0x00, 0x12,
  0x00, 0x00, 0x00, 0x0a, 0x00, 0x00, 0x00, 0x0e, 0x00, 0x00, 0x00, 0x12,
  0x00, 0x00, 0x00, 0x02, 0x00, 0x00, 0x00, 0x00, 0x00, 0x00, 0x00, 0x4f,
  0x00, 0x00, 0x00, 0x12, 0x00, 0x00, 0x00, 0x0b, 0x00, 0x00, 0x00, 0x0f,
  0x00, 0x00, 0x00, 0x12, 0x00, 0x00, 0x00, 0x02, 0x00, 0x00, 0x00, 0x00,
  0x00, 0x00, 0x00, 0x50, 0x00, 0x00, 0x00, 0x12, 0x00, 0x00, 0x00, 0x0a,
  0x00, 0x00, 0x00, 0x0e, 0x00, 0x00, 0x00, 0x12, 0x00, 0x00, 0x00, 0x02,
  0x00, 0x00, 0x00, 0x00, 0x00, 0x00, 0x00, 0x51, 0x00, 0x00, 0x00, 0x13,
  0x00, 0x00, 0x00, 0x0b, 0x00, 0x00, 0x00, 0x0f, 0x00, 0x00, 0x00, 0x12,
  0x00, 0x00, 0x00, 0x02, 0x00, 0x00, 0x00, 0x00, 0x00, 0x00, 0x00, 0x52,
  0x00, 0x00, 0x00, 0x12, 0x00, 0x00, 0x00, 0x0a, 0x00, 0x00, 0x00, 0x0e,
  0x00, 0x00, 0x00, 0x12, 0x00, 0x00, 0x00, 0x02, 0x00, 0x00, 0x00, 0x00,
  0x00, 0x00, 0x00, 0x53, 0x00, 0x00, 0x00, 0x12, 0x00, 0x00, 0x00, 0x0a,
  0x00, 0x00, 0x00, 0x0e, 0x00, 0x00, 0x00, 0x12, 0x00, 0x00, 0x00, 0x02,
  0x00, 0x00, 0x00, 0x00, 0x00, 0x00, 0x00, 0x54, 0x00, 0x00, 0x00, 0x12,
  0x00, 0x00, 0x00, 0x0b, 0x00, 0x00, 0x00, 0x0f, 0x00, 0x00, 0x00, 0x12,
  0x00, 0x00, 0x00, 0x02, 0x00, 0x00, 0x00, 0x00, 0x00, 0x00, 0x00, 0x55,
  0x00, 0x00, 0x00, 0x12, 0x00, 0x00, 0x00, 0x0a, 0x00, 0x00, 0x00, 0x0e,
  0x00, 0x00, 0x00, 0x12, 0x00, 0x00, 0x00, 0x02, 0x00, 0x00, 0x00, 0x00,
  0x00, 0x00, 0x00, 0x56, 0x00, 0x00, 0x00, 0x12, 0x00, 0x00, 0x00, 0x0b,
  0x00, 0x00, 0x00, 0x0f, 0x00, 0x00, 0x00, 0x12, 0x00, 0x00, 0x00, 0x02,
  0x00, 0x00, 0x00, 0x00, 0x00, 0x00, 0x00, 0x57, 0x00, 0x00, 0x00, 0x12,
  0x00, 0x00, 0x00, 0x0d, 0x00, 0x00, 0x00, 0x11, 0x00, 0x00, 0x00, 0x12,
  0x00, 0x00, 0x00, 0x02, 0x00, 0x00, 0x00, 0x00, 0x00, 0x00, 0x00, 0x58,
  0x00, 0x00, 0x00, 0x12, 0x00, 0x00, 0x00, 0x0a, 0x00, 0x00, 0x00, 0x0e,
  0x00, 0x00, 0x00, 0x12, 0x00, 0x00, 0x00, 0x02, 0x00, 0x00, 0x00, 0x00,
  0x00, 0x00, 0x00, 0x59, 0x00, 0x00, 0x00, 0x12, 0x00, 0x00, 0x00, 0x0b,
  0x00, 0x00, 0x00, 0x0f, 0x00, 0x00, 0x00, 0x12, 0x00, 0x00, 0x00, 0x02,
  0x00, 0x00, 0x00, 0x00, 0x00, 0x00, 0x00, 0x5a, 0x00, 0x00, 0x00, 0x12,
  0x00, 0x00, 0x00, 0x0a, 0x00, 0x00, 0x00, 0x0e, 0x00, 0x00, 0x00, 0x12,
  0x00, 0x00, 0x00, 0x02, 0x00, 0x00, 0x00, 0x00, 0x00, 0x00, 0x00, 0x5b,
  0x00, 0x00, 0x00, 0x14, 0x00, 0x00, 0x00, 0x06, 0x00, 0x00, 0x00, 0x0b,
  0x00, 0x00, 0x00, 0x13, 0x00, 0x00, 0x00, 0x02, 0x00, 0x00, 0x00, 0x00,
  0x00, 0x00, 0x00, 0x5c, 0x00, 0x00, 0x00, 0x12, 0x00, 0x00, 0x00, 0x0a,
  0x00, 0x00, 0x00, 0x0c, 0x00, 0x00, 0x00, 0x12, 0x00, 0x00, 0x00, 0x01,
  0x00, 0x00, 0x00, 0x00, 0x00, 0x00, 0x00, 0x5d, 0x00, 0x00, 0x00, 0x14,
  0x00, 0x00, 0x00, 0x06, 0x00, 0x00, 0x00, 0x0b, 0x00, 0x00, 0x00, 0x13,
  0x00, 0x00, 0x00, 0x02, 0x00, 0x00, 0x00, 0x00, 0x00, 0x00, 0x00, 0x5e,
  0x00, 0x00, 0x00, 0x05, 0x00, 0x00, 0x00, 0x0a, 0x00, 0x00, 0x00, 0x0c,
  0x00, 0x00, 0x00, 0x12, 0x00, 0x00, 0x00, 0x01, 0x00, 0x00, 0x00, 0x00,
  0x00, 0x00, 0x00, 0x5f, 0x00, 0x00, 0x00, 0x02, 0x00, 0x00, 0x00, 0x0e,
  0x00, 0x00, 0x00, 0x0e, 0xff, 0xff, 0xff, 0xff, 0x00, 0x00, 0x00, 0x00,
  0x00, 0x00, 0x00, 0x00, 0x00, 0x00, 0x00, 0x60, 0x00, 0x00, 0x00, 0x05,
  0x00, 0x00, 0x00, 0x04, 0x00, 0x00, 0x00, 0x09, 0x00, 0x00, 0x00, 0x12,
  0x00, 0x00, 0x00, 0x02, 0x00, 0x00, 0x00, 0x00, 0x00, 0x00, 0x00, 0x61,
  0x00, 0x00, 0x00, 0x12, 0x00, 0x00, 0x00, 0x0c, 0x00, 0x00, 0x00, 0x10,
  0x00, 0x00, 0x00, 0x12, 0x00, 0x00, 0x00, 0x02, 0x00, 0x00, 0x00, 0x00,
  0x00, 0x00, 0x00, 0x62, 0x00, 0x00, 0x00, 0x12, 0x00, 0x00, 0x00, 0x0a,
  0x00, 0x00, 0x00, 0x0e, 0x00, 0x00, 0x00, 0x12, 0x00, 0x00, 0x00, 0x02,
  0x00, 0x00, 0x00, 0x00, 0x00, 0x00, 0x00, 0x63, 0x00, 0x00, 0x00, 0x12,
  0x00, 0x00, 0x00, 0x0a, 0x00, 0x00, 0x00, 0x0e, 0x00, 0x00, 0x00, 0x12,
  0x00, 0x00, 0x00, 0x02, 0x00, 0x00, 0x00, 0x00, 0x00, 0x00, 0x00, 0x64,
  0x00, 0x00, 0x00, 0x12, 0x00, 0x00, 0x00, 0x0a, 0x00, 0x00, 0x00, 0x0e,
  0x00, 0x00, 0x00, 0x12, 0x00, 0x00, 0x00, 0x02, 0x00, 0x00, 0x00, 0x00,
  0x00, 0x00, 0x00, 0x65, 0x00, 0x00, 0x00, 0x12, 0x00, 0x00, 0x00, 0x0a,
  0x00, 0x00, 0x00, 0x0e, 0x00, 0x00, 0x00, 0x12, 0x00, 0x00, 0x00, 0x02,
  0x00, 0x00, 0x00, 0x00, 0x00, 0x00, 0x00, 0x66, 0x00, 0x00, 0x00, 0x12,
  0x00, 0x00, 0x00, 0x0a, 0x00, 0x00, 0x00, 0x0e, 0x00, 0x00, 0x00, 0x12,
  0x00, 0x00, 0x00, 0x02, 0x00, 0x00, 0x00, 0x00, 0x00, 0x00, 0x00, 0x67,
  0x00, 0x00, 0x00, 0x12, 0x00, 0x00, 0x00, 0x0a, 0x00, 0x00, 0x00, 0x0e,
  0x00, 0x00, 0x00, 0x12, 0x00, 0x00, 0x00, 0x02, 0x00, 0x00, 0x00, 0x00,
  0x00, 0x00, 0x00, 0x68, 0x00, 0x00, 0x00, 0x12, 0x00, 0x00, 0x00, 0x0a,
  0x00, 0x00, 0x00, 0x0e, 0x00, 0x00, 0x00, 0x12, 0x00, 0x00, 0x00, 0x02,
  0x00, 0x00, 0x00, 0x00, 0x00, 0x00, 0x00, 0x69, 0x00, 0x00, 0x00, 0x12,
  0x00, 0x00, 0x00, 0x0a, 0x00, 0x00, 0x00, 0x0e, 0x00, 0x00, 0x00, 0x12,
  0x00, 0x00, 0x00, 0x02, 0x00, 0x00, 0x00, 0x00, 0x00, 0x00, 0x00, 0x6a,
  0x00, 0x00, 0x00, 0x12, 0x00, 0x00, 0x00, 0x0a, 0x00, 0x00, 0x00, 0x0e,
  0x00, 0x00, 0x00, 0x12, 0x00, 0x00, 0x00, 0x02, 0x00, 0x00, 0x00, 0x00,
  0x00, 0x00, 0x00, 0x6b, 0x00, 0x00, 0x00, 0x12, 0x00, 0x00, 0x00, 0x0a,
  0x00, 0x00, 0x00, 0x0e, 0x00, 0x00, 0x00, 0x12, 0x00, 0x00, 0x00, 0x02,
  0x00, 0x00, 0x00, 0x00, 0x00, 0x00, 0x00, 0x6c, 0x00, 0x00, 0x00, 0x12,
  0x00, 0x00, 0x00, 0x0a, 0x00, 0x00, 0x00, 0x0e, 0x00, 0x00, 0x00, 0x12,
  0x00, 0x00, 0x00, 0x02, 0x00, 0x00, 0x00, 0x00, 0x00, 0x00, 0x00, 0x6d,
  0x00, 0x00, 0x00, 0x12, 0x00, 0x00, 0x00, 0x0d, 0x00, 0x00, 0x00, 0x11,
  0x00, 0x00, 0x00, 0x12, 0x00, 0x00, 0x00, 0x02, 0x00, 0x00, 0x00, 0x00,
  0x00, 0x00, 0x00, 0x6e, 0x00, 0x00, 0x00, 0x12, 0x00, 0x00, 0x00, 0x0a,
  0x00, 0x00, 0x00, 0x0e, 0x00, 0x00, 0x00, 0x12, 0x00, 0x00, 0x00, 0x02,
  0x00, 0x00, 0x00, 0x00, 0x00, 0x00, 0x00, 0x6f, 0x00, 0x00, 0x00, 0x12,
  0x00, 0x00, 0x00, 0x0b, 0x00, 0x00, 0x00, 0x0f, 0x00, 0x00, 0x00, 0x12,
  0x00, 0x00, 0x00, 0x02, 0x00, 0x00, 0x00, 0x00, 0x00, 0x00, 0x00, 0x70,
  0x00, 0x00, 0x00, 0x12, 0x00, 0x00, 0x00, 0x0a, 0x00, 0x00, 0x00, 0x0e,
  0x00, 0x00, 0x00, 0x12, 0x00, 0x00, 0x00, 0x02, 0x00, 0x00, 0x00, 0x00,
  0x00, 0x00, 0x00, 0x71, 0x00, 0x00, 0x00, 0x13, 0x00, 0x00, 0x00, 0x0b,
  0x00, 0x00, 0x00, 0x0f, 0x00, 0x00, 0x00, 0x12, 0x00, 0x00, 0x00, 0x02,
  0x00, 0x00, 0x00, 0x00, 0x00, 0x00, 0x00, 0x72, 0x00, 0x00, 0x00, 0x12,
  0x00, 0x00, 0x00, 0x0a, 0x00, 0x00, 0x00, 0x0e, 0x00, 0x00, 0x00, 0x12,
  0x00, 0x00, 0x00, 0x02, 0x00, 0x00, 0x00, 0x00, 0x00, 0x00, 0x00, 0x73,
  0x00, 0x00, 0x00, 0x12, 0x00, 0x00, 0x00, 0x0a, 0x00, 0x00, 0x00, 0x0e,
  0x00, 0x00, 0x00, 0x12, 0x00, 0x00, 0x00, 0x02, 0x00, 0x00, 0x00, 0x00,
  0x00, 0x00, 0x00, 0x74, 0x00, 0x00, 0x00, 0x12, 0x00, 0x00, 0x00, 0x0b,
  0x00, 0x00, 0x00, 0x0f, 0x00, 0x00, 0x00, 0x12, 0x00, 0x00, 0x00, 0x02,
  0x00, 0x00, 0x00, 0x00, 0x00, 0x00, 0x00, 0x75, 0x00, 0x00, 0x00, 0x12,
  0x00, 0x00, 0x00, 0x0a, 0x00, 0x00, 0x00, 0x0e, 0x00, 0x00, 0x00, 0x12,
  0x00, 0x00, 0x00, 0x02, 0x00, 0x00, 0x00, 0x00, 0x00, 0x00, 0x00, 0x76,
  0x00, 0x00, 0x00, 0x12, 0x00, 0x00, 0x00, 0x0b, 0x00, 0x00, 0x00, 0x0f,
  0x00, 0x00, 0x00, 0x12, 0x00, 0x00, 0x00, 0x02, 0x00, 0x00, 0x00, 0x00,
  0x00, 0x00, 0x00, 0x77, 0x00, 0x00, 0x00, 0x12, 0x00, 0x00, 0x00, 0x0d,
  0x00, 0x00, 0x00, 0x11, 0x00, 0x00, 0x00, 0x12, 0x00, 0x00, 0x00, 0x02,
  0x00, 0x00, 0x00, 0x00, 0x00, 0x00, 0x00, 0x78, 0x00, 0x00, 0x00, 0x12,
  0x00, 0x00, 0x00, 0x0a, 0x00, 0x00, 0x00, 0x0e, 0x00, 0x00, 0x00, 0x12,
  0x00, 0x00, 0x00, 0x02, 0x00, 0x00, 0x00, 0x00, 0x00, 0x00, 0x00, 0x79,
  0x00, 0x00, 0x00, 0x12, 0x00, 0x00, 0x00, 0x0b, 0x00, 0x00, 0x00, 0x0f,
  0x00, 0x00, 0x00, 0x12, 0x00, 0x00, 0x00, 0x02, 0x00, 0x00, 0x00, 0x00,
  0x00, 0x00, 0x00, 0x7a, 0x00, 0x00, 0x00, 0x12, 0x00, 0x00, 0x00, 0x0a,
  0x00, 0x00, 0x00, 0x0e, 0x00, 0x00, 0x00, 0x12, 0x00, 0x00, 0x00, 0x02,
  0x00, 0x00, 0x00, 0x00, 0x00, 0x00, 0x00, 0x7b, 0x00, 0x00, 0x00, 0x14,
  0x00, 0x00, 0x00, 0x08, 0x00, 0x00, 0x00, 0x0c, 0x00, 0x00, 0x00, 0x13,
  0x00, 0x00, 0x00, 0x02, 0x00, 0x00, 0x00, 0x00, 0x00, 0x00, 0x00, 0x7c,
  0x00, 0x00, 0x00, 0x16, 0x00, 0x00, 0x00, 0x03, 0x00, 0x00, 0x00, 0x07,
  0x00, 0x00, 0x00, 0x14, 0x00, 0x00, 0x00, 0x02, 0x00, 0x00, 0x00, 0x00,
  0x00, 0x00, 0x00, 0x7d, 0x00, 0x00, 0x00, 0x14, 0x00, 0x00, 0x00, 0x08,
  0x00, 0x00, 0x00, 0x0c, 0x00, 0x00, 0x00, 0x13, 0x00, 0x00, 0x00, 0x02,
  0x00, 0x00, 0x00, 0x00, 0x00, 0x00, 0x00, 0x7e, 0x00, 0x00, 0x00, 0x05,
  0x00, 0x00, 0x00, 0x0b, 0x00, 0x00, 0x00, 0x0e, 0x00, 0x00, 0x00, 0x0c,
  0x00, 0x00, 0x00, 0x01, 0x00, 0x00, 0x00, 0x00, 0x3e, 0xf2, 0x37, 0x57,
  0xff, 0x4f, 0x57, 0xff, 0x4f, 0x57, 0xff, 0x4f, 0x57, 0xff, 0x4f, 0x57,
  0xff, 0x4f, 0x57, 0xff, 0x4f, 0x57, 0xff, 0x4f, 0x57, 0xff, 0x4f, 0x57,
  0xff, 0x4f, 0x57, 0xff, 0x4f, 0x57, 0xff, 0x4f, 0x57, 0xff, 0x4f, 0x26,
  0xaa, 0x21, 0x00, 0x00, 0x00, 0x00, 0x11, 0x00, 0x64, 0xff, 0x61, 0x4d,
  0xe6, 0x49, 0x7f, 0xed, 0x08, 0x50, 0xf7, 0x2b, 0x97, 0xff, 0x0f, 0x67,
  0xff, 0x3f, 0x97, 0xff, 0x0f, 0x67, 0xff, 0x3f, 0x97, 0xff, 0x0f, 0x67,
  0xff, 0x3f, 0x71, 0xda, 0x06, 0x47, 0xe5, 0x25, 0x00, 0x00, 0x00, 0x00,
  0x00, 0x2b, 0xed, 0x45, 0x00, 0x00, 0x36, 0xec, 0x3a, 0x00, 0x00, 0x00,
  0x00, 0x00, 0x78, 0xff, 0x43, 0x00, 0x00, 0x84, 0xff, 0x37, 0x00, 0x00,
  0x00, 0x00, 0x00, 0xbe, 0xf6, 0x07, 0x00, 0x00, 0xca, 0xed, 0x02, 0x00,
  0x00, 0x00, 0x00, 0x0a, 0xf8, 0xb7, 0x00, 0x00, 0x12, 0xfd, 0xa9, 0x00,
  0x00, 0x00, 0x00, 0x00, 0x49, 0xff, 0x72, 0x00, 0x00, 0x55, 0xff, 0x62,
  0x00, 0x00, 0x43, 0xfd, 0xff, 0xff, 0xff, 0xff, 0xff, 0xff, 0xff, 0xff,
  0xff, 0xb7, 0x00, 0x26, 0xa9, 0xab, 0xf9, 0xf0, 0xab, 0xab, 0xac, 0xfd,
  0xea, 0xab, 0x72, 0x00, 0x00, 0x00, 0x1d, 0xff, 0x9d, 0x00, 0x00, 0x29,
  0xff, 0x8d, 0x00, 0x00, 0x00, 0x00, 0x00, 0x68, 0xff, 0x53, 0x00, 0x00,
  0x74, 0xff, 0x43, 0x00, 0x00, 0x00, 0x00, 0x00, 0xb2, 0xfa, 0x0e, 0x00,
  0x00, 0xbe, 0xf3, 0x06, 0x00, 0x00, 0x00, 0x00, 0x07, 0xf5, 0xbe, 0x00,
  0x00, 0x0e, 0xfa, 0xae, 0x00, 0x00, 0x00, 0x2b, 0xb1, 0xc1, 0xff, 0xde,
  0xb3, 0xb3, 0xc4, 0xff, 0xd9, 0xb3, 0x89, 0x00, 0x47, 0xfd, 0xff, 0xff,
  0xff, 0xff, 0xff, 0xff, 0xff, 0xff, 0xff, 0xcd, 0x00, 0x00, 0x00, 0xd7,
  0xe4, 0x00, 0x00, 0x00, 0xe3, 0xd3, 0x00, 0x00, 0x00, 0x00, 0x00, 0x1d,
  0xff, 0x9d, 0x00, 0x00, 0x28, 0xff, 0x8d, 0x00, 0x00, 0x00, 0x00, 0x00,
  0x62, 0xff, 0x56, 0x00, 0x00, 0x6e, 0xff, 0x46, 0x00, 0x00, 0x00, 0x00,
  0x00, 0xa8, 0xfd, 0x12, 0x00, 0x00, 0xb4, 0xf7, 0x08, 0x00, 0x00, 0x00,
  0x00, 0x00, 0xa3, 0xad, 0x00, 0x00, 0x00, 0xb0, 0x9f, 0x00, 0x00, 0x00,
  0x00, 0x00, 0x00, 0x00, 0x00, 0x03, 0xe7, 0x8b, 0x00, 0x00, 0x00, 0x00,
  0x00, 0x0a, 0x73, 0xac, 0xff, 0xe4, 0x95, 0x42, 0x00, 0x00, 0x0f, 0xd5,
  0xff, 0xff, 0xff, 0xff, 0xff, 0xff, 0x78, 0x00, 0x8f, 0xff, 0x9d, 0x18,
  0xff, 0xa9, 0x39, 0xe3, 0xfc, 0x16, 0xd0, 0xe8, 0x04, 0x07, 0xff, 0xa7,
  0x00, 0x68, 0xff, 0x43, 0xdb, 0xcb, 0x00, 0x07, 0xff, 0xa7, 0x00, 0x0a,
  0x4e, 0x07, 0xdb, 0xcb, 0x00, 0x07, 0xff, 0xa7, 0x00, 0x00, 0x00, 0x00,
  0xce, 0xe8, 0x04, 0x07, 0xff, 0xa7, 0x00, 0x00, 0x00, 0x00, 0x8d, 0xff,
  0x9d, 0x18, 0xff, 0xa7, 0x00, 0x00, 0x00, 0x00, 0x0f, 0xd7, 0xff, 0xff,
  0xff, 0xff, 0xe0, 0x7f, 0x03, 0x00, 0x00, 0x0b, 0x75, 0xac, 0xff, 0xe6,
  0xe9, 0xff, 0x94, 0x00, 0x00, 0x00, 0x00, 0x07, 0xff, 0xa7, 0x12, 0xd6,
  0xfe, 0x18, 0x00, 0x00, 0x00, 0x07, 0xff, 0xa7, 0x00, 0x6a, 0xff, 0x46,
  0x09, 0x07, 0x00, 0x07, 0xff, 0xa7, 0x00, 0x5b, 0xff, 0x4b, 0xcd, 0xc3,
  0x00, 0x07, 0xff, 0xa7, 0x00, 0x6a, 0xff, 0x46, 0xb5, 0xfc, 0x3a, 0x07,
  0xff, 0xa7, 0x10, 0xd5, 0xfe, 0x18, 0x45, 0xfe, 0xfa, 0xbb, 0xff, 0xe5,
  0xe7, 0xff, 0x95, 0x00, 0x00, 0x4b, 0xcc, 0xfa, 0xff, 0xff, 0xe2, 0x81,
  0x04, 0x00, 0x00, 0x00, 0x00, 0x07, 0xff, 0xa7, 0x00, 0x00, 0x00, 0x00,
  0x00, 0x00, 0x00, 0x00, 0x64, 0x34, 0x00, 0x00, 0x00, 0x00, 0x07, 0xa2,
  0xf2, 0xd7, 0x42, 0x00, 0x00, 0x00, 0x00, 0x7a, 0xd3, 0x08, 0x6d, 0xff,
  0xa9, 0xe2, 0xe3, 0x00, 0x00, 0x00, 0x0f, 0xf1, 0xd3, 0x01, 0x93, 0xd7,
  0x00, 0x67, 0xff, 0x07, 0x00, 0x00, 0x7a, 0xff, 0x59, 0x00, 0x93, 0xcf,
  0x00, 0x5f, 0xff, 0x07, 0x00, 0x0a, 0xea, 0xdd, 0x03, 0x00, 0x82, 0xf2,
  0x3d, 0xa6, 0xf4, 0x02, 0x00, 0x6e, 0xff, 0x66, 0x00, 0x00, 0x20, 0xe6,
  0xff, 0xff, 0x81, 0x00, 0x05, 0xe2, 0xe5, 0x07, 0x00, 0x00, 0x00, 0x0d,
  0x42, 0x29, 0x00, 0x00, 0x62, 0xff, 0x72, 0x00, 0x00, 0x00, 0x00, 0x00,
  0x00, 0x00, 0x00, 0x02, 0xd9, 0xed, 0x0c, 0x00, 0x00, 0x00, 0x00, 0x00,
  0x00, 0x00, 0x00, 0x55, 0xff, 0x7e, 0x00, 0x00, 0x00, 0x00, 0x00, 0x00,
  0x00, 0x00, 0x00, 0xcf, 0xf3, 0x12, 0x00, 0x00, 0x00, 0x00, 0x00, 0x00,
  0x00, 0x00, 0x49, 0xff, 0x8b, 0x00, 0x00, 0x00, 0x00, 0x00, 0x00, 0x00,
  0x00, 0x00, 0xc3, 0xf8, 0x19, 0x00, 0x00, 0x13, 0x03, 0x00, 0x00, 0x00,
  0x00, 0x3d, 0xff, 0x97, 0x00, 0x16, 0xcc, 0xff, 0xef, 0x4f, 0x00, 0x00,
  0x00, 0xb7, 0xfc, 0x22, 0x00, 0x86, 0xf4, 0x6a, 0xc5, 0xe2, 0x00, 0x00,
  0x31, 0xff, 0xa3, 0x00, 0x00, 0x9f, 0xc4, 0x00, 0x68, 0xfb, 0x00, 0x00,
  0xaa, 0xfe, 0x2b, 0x00, 0x00, 0x9f, 0xcb, 0x00, 0x6f, 0xfb, 0x00, 0x27,
  0xfd, 0xaf, 0x00, 0x00, 0x00, 0x7f, 0xfd, 0xa9, 0xe5, 0xda, 0x00, 0x3e,
  0xe6, 0x33, 0x00, 0x00, 0x00, 0x0e, 0xb0, 0xf4, 0xd5, 0x3e, 0x00, 0x00,
  0x54, 0xd1, 0xfe, 0xf5, 0x1b, 0x00, 0x00, 0x00, 0x00, 0x00, 0x00, 0x00,
  0x56, 0xff, 0xfe, 0xc2, 0xa5, 0x0c, 0x00, 0x00, 0x00, 0x00, 0x00, 0x00,
  0x00, 0xde, 0xfb, 0x4b, 0x00, 0x00, 0x00, 0x00, 0x00, 0x00, 0x00, 0x00,
  0x00, 0x11, 0xff, 0xa6, 0x00, 0x00, 0x00, 0x00, 0x00, 0x00, 0x00, 0x00,
  0x00, 0x00, 0x17, 0xff, 0x8f, 0x00, 0x00, 0x00, 0x00, 0x00, 0x00, 0x00,
  0x00, 0x00, 0x00, 0x11, 0xff, 0xab, 0x00, 0x00, 0x00, 0x00, 0x00, 0x45,
  0x62, 0x00, 0x00, 0x00, 0x00, 0xcc, 0xf7, 0x1d, 0x00, 0x00, 0x00, 0x00,
  0xb3, 0xe7, 0x00, 0x00, 0x00, 0x00, 0x2f, 0xf5, 0xed, 0xb5, 0xb3, 0xb3,
  0xb3, 0xe9, 0xf8, 0xb3, 0x73, 0x00, 0x00, 0x07, 0xd4, 0xff, 0xff, 0xff,
  0xff, 0xff, 0xff, 0xff, 0xff, 0xaf, 0x00, 0x00, 0x8f, 0xff, 0x5e, 0x02,
  0x00, 0x00, 0x00, 0xb3, 0xe7, 0x00, 0x00, 0x00, 0x05, 0xf6, 0xb9, 0x00,
  0x00, 0x00, 0x00, 0x00, 0xb3, 0xe7, 0x00, 0x00, 0x00, 0x17, 0xff, 0x90,
  0x00, 0x00, 0x00, 0x00, 0x00, 0xb3, 0xe7, 0x00, 0x00, 0x00, 0x17, 0xff,
  0x8f, 0x00, 0x00, 0x00, 0x00, 0x00, 0xb3, 0xe7, 0x00, 0x00, 0x00, 0x0d,
  0xfe, 0xad, 0x00, 0x00, 0x00, 0x00, 0x00, 0xc1, 0xf1, 0x00, 0x00, 0x00,
  0x00, 0xd3, 0xfd, 0x4f, 0x00, 0x00, 0x00, 0x3f, 0xfb, 0xff, 0x58, 0x00,
  0x00, 0x00, 0x49, 0xfe, 0xfe, 0xc2, 0xaf, 0xba, 0xf9, 0xf9, 0xe1, 0xfb,
  0xbb, 0x3f, 0x00, 0x00, 0x4c, 0xd0, 0xfe, 0xff, 0xff, 0xcb, 0x44, 0x1a,
  0xb2, 0xfa, 0x67, 0x7f, 0xea, 0x03, 0x97, 0xff, 0x07, 0x97, 0xff, 0x07,
  0x97, 0xff, 0x07, 0x72, 0xd7, 0x03, 0x00, 0x00, 0x39, 0x99, 0xa8, 0x14,
  0x00, 0x51, 0xfb, 0xff, 0xf8, 0x27, 0x10, 0xec, 0xf1, 0x3c, 0x00, 0x00,
  0x65, 0xff, 0x6f, 0x00, 0x00, 0x00, 0x92, 0xff, 0x1c, 0x00, 0x00, 0x00,
  0x97, 0xff, 0x0f, 0x00, 0x00, 0x00, 0x97, 0xff, 0x0f, 0x00, 0x00, 0x00,
  0x97, 0xff, 0x0f, 0x00, 0x00, 0x00, 0x97, 0xff, 0x0f, 0x00, 0x00, 0x00,
  0x97, 0xff, 0x0f, 0x00, 0x00, 0x00, 0x97, 0xff, 0x0f, 0x00, 0x00, 0x00,
  0x97, 0xff, 0x0f, 0x00, 0x00, 0x00, 0x97, 0xff, 0x0f, 0x00, 0x00, 0x00,
  0x97, 0xff, 0x0f, 0x00, 0x00, 0x00, 0x97, 0xff, 0x0f, 0x00, 0x00, 0x00,
  0x97, 0xff, 0x13, 0x00, 0x00, 0x00, 0x76, 0xff, 0x4b, 0x00, 0x00, 0x00,
  0x2a, 0xfc, 0xd1, 0x0b, 0x00, 0x00, 0x00, 0x90, 0xff, 0xe0, 0xa9, 0x19,
  0x00, 0x01, 0x85, 0xea, 0xf9, 0x30, 0x42, 0xaf, 0x82, 0x1a, 0x00, 0x00,
  0x6c, 0xff, 0xff, 0xe0, 0x1e, 0x00, 0x00, 0x03, 0x77, 0xff, 0xad, 0x00,
  0x00, 0x00, 0x00, 0xbc, 0xff, 0x18, 0x00, 0x00, 0x00, 0x69, 0xff, 0x46,
  0x00, 0x00, 0x00, 0x5b, 0xff, 0x4b, 0x00, 0x00, 0x00, 0x5b, 0xff, 0x4b,
  0x00, 0x00, 0x00, 0x5b, 0xff, 0x4b, 0x00, 0x00, 0x00, 0x5b, 0xff, 0x4b,
  0x00, 0x00, 0x00, 0x5b, 0xff, 0x4b, 0x00, 0x00, 0x00, 0x5b, 0xff, 0x4b,
  0x00, 0x00, 0x00, 0x5b, 0xff, 0x4b, 0x00, 0x00, 0x00, 0x5b, 0xff, 0x4b,
  0x00, 0x00, 0x00, 0x5b, 0xff, 0x4b, 0x00, 0x00, 0x00, 0x5b, 0xff, 0x4b,
  0x00, 0x00, 0x00, 0x5f, 0xff, 0x4b, 0x00, 0x00, 0x00, 0x99, 0xff, 0x28,
  0x00, 0x00, 0x32, 0xf8, 0xd7, 0x01, 0x48, 0xb3, 0xf4, 0xfb, 0x45, 0x00,
  0x76, 0xff, 0xd4, 0x4f, 0x00, 0x00, 0x00, 0x00, 0x00, 0xac, 0xac, 0x00,
  0x00, 0x00, 0x01, 0x0b, 0x00, 0xcf, 0xcf, 0x00, 0x0b, 0x01, 0x7e, 0xe8,
  0x46, 0xcf, 0xcf, 0x46, 0xe8, 0x7e, 0x40, 0xdb, 0xfe, 0xf8, 0xf8, 0xfe,
  0xdb, 0x40, 0x00, 0x13, 0xcf, 0xff, 0xff, 0xcf, 0x13, 0x00, 0x53, 0xee,
  0xf6, 0xf1, 0xf1, 0xf6, 0xee, 0x53, 0x69, 0xd0, 0x2a, 0xcf, 0xcf, 0x2a,
  0xd0, 0x68, 0x00, 0x00, 0x00, 0xc8, 0xc8, 0x00, 0x00, 0x00, 0x00, 0x00,
  0x00, 0x1a, 0x1a, 0x00, 0x00, 0x00, 0x00, 0x00, 0x00, 0x00, 0xb8, 0xb5,
  0x00, 0x00, 0x00, 0x00, 0x00, 0x00, 0x00, 0x00, 0xd7, 0xd7, 0x00, 0x00,
  0x00, 0x00, 0x00, 0x00, 0x00, 0x00, 0xd7, 0xd7, 0x00, 0x00, 0x00, 0x00,
  0x29, 0xb1, 0xb3, 0xb3, 0xf4, 0xf4, 0xb3, 0xb3, 0xb1, 0x29, 0x47, 0xfd,
  0xff, 0xff, 0xff, 0xff, 0xff, 0xff, 0xfd, 0x46, 0x00, 0x00, 0x00, 0x00,
  0xd7, 0xd7, 0x00, 0x00, 0x00, 0x00, 0x00, 0x00, 0x00, 0x00, 0xd7, 0xd7,
  0x00, 0x00, 0x00, 0x00, 0x00, 0x00, 0x00, 0x00, 0xd7, 0xd7, 0x00, 0x00,
  0x00, 0x00, 0x00, 0x00, 0x00, 0x00, 0xb7, 0xb4, 0x00, 0x00, 0x00, 0x00,
  0x00, 0x26, 0x03, 0x64, 0xff, 0xa6, 0x66, 0xff, 0xaf, 0x05, 0xec, 0x45,
  0x2c, 0xc2, 0x00, 0x0b, 0xa8, 0xb3, 0xb3, 0xb3, 0xb3, 0xb3, 0xb3, 0xa8,
  0x0b, 0x18, 0xf4, 0xff, 0xff, 0xff, 0xff, 0xff, 0xff, 0xf4, 0x18, 0x00,
  0x14, 0x00, 0x67, 0xff, 0x61, 0x4f, 0xe8, 0x4a, 0x00, 0x00, 0x00, 0x00,
  0x00, 0x00, 0x00, 0x98, 0xc4, 0x00, 0x00, 0x00, 0x00, 0x00, 0x00, 0x00,
  0x11, 0xf8, 0xc8, 0x00, 0x00, 0x00, 0x00, 0x00, 0x00, 0x00, 0x6b, 0xff,
  0x65, 0x00, 0x00, 0x00, 0x00, 0x00, 0x00, 0x00, 0xcd, 0xf5, 0x0d, 0x00,
  0x00, 0x00, 0x00, 0x00, 0x00, 0x2f, 0xff, 0x9f, 0x00, 0x00, 0x00, 0x00,
  0x00, 0x00, 0x00, 0x92, 0xff, 0x3d, 0x00, 0x00, 0x00, 0x00, 0x00, 0x00,
  0x07, 0xed, 0xd9, 0x00, 0x00, 0x00, 0x00, 0x00, 0x00, 0x00, 0x56, 0xff,
  0x77, 0x00, 0x00, 0x00, 0x00, 0x00, 0x00, 0x00, 0xb8, 0xfb, 0x19, 0x00,
  0x00, 0x00, 0x00, 0x00, 0x00, 0x1d, 0xfd, 0xb1, 0x00, 0x00, 0x00, 0x00,
  0x00, 0x00, 0x00, 0x7c, 0xff, 0x4e, 0x00, 0x00, 0x00, 0x00, 0x00, 0x00,
  0x01, 0xdd, 0xe8, 0x04, 0x00, 0x00, 0x00, 0x00, 0x00, 0x00, 0x40, 0xff,
  0x89, 0x00, 0x00, 0x00, 0x00, 0x00, 0x00, 0x00, 0xa3, 0xff, 0x27, 0x00,
  0x00, 0x00, 0x00, 0x00, 0x00, 0x0f, 0xf6, 0xc3, 0x00, 0x00, 0x00, 0x00,
  0x00, 0x00, 0x00, 0x67, 0xff, 0x60, 0x00, 0x00, 0x00, 0x00, 0x00, 0x00,
  0x00, 0xc9, 0xf2, 0x0b, 0x00, 0x00, 0x00, 0x00, 0x00, 0x00, 0x00, 0xcc,
  0x8c, 0x00, 0x00, 0x00, 0x00, 0x00, 0x00, 0x00, 0x00, 0x00, 0x62, 0xd6,
  0xfe, 0xff, 0xff, 0xee, 0xa3, 0x14, 0x00, 0x00, 0x68, 0xff, 0xf4, 0xb7,
  0xaf, 0xb0, 0xd8, 0xff, 0xd1, 0x06, 0x00, 0xe9, 0xee, 0x25, 0x00, 0x00,
  0x00, 0x02, 0xa2, 0xff, 0x58, 0x18, 0xff, 0x98, 0x00, 0x00, 0x00, 0x00,
  0x00, 0x29, 0xff, 0x87, 0x1b, 0xff, 0x8b, 0x00, 0x00, 0x00, 0x00, 0x00,
  0x1b, 0xff, 0x8b, 0x1b, 0xff, 0x8b, 0x00, 0x00, 0x00, 0x00, 0x00, 0x1b,
  0xff, 0x8b, 0x1b, 0xff, 0x8b, 0x00, 0x00, 0x00, 0x00, 0x00, 0x1b, 0xff,
  0x8b, 0x1b, 0xff, 0x8b, 0x00, 0x00, 0x00, 0x00, 0x00, 0x1b, 0xff, 0x8b,
  0x1b, 0xff, 0x8b, 0x00, 0x00, 0x00, 0x00, 0x00, 0x1b, 0xff, 0x8b, 0x1b,
  0xff, 0x8b, 0x00, 0x00, 0x00, 0x00, 0x00, 0x1b, 0xff, 0x8b, 0x1b, 0xff,
  0x8b, 0x00, 0x00, 0x00, 0x00, 0x00, 0x1b, 0xff, 0x8b, 0x1b, 0xff, 0x8b,
  0x00, 0x00, 0x00, 0x00, 0x00, 0x1b, 0xff, 0x8b, 0x1b, 0xff, 0x8b, 0x00,
  0x00, 0x00, 0x00, 0x00, 0x1b, 0xff, 0x8b, 0x1b, 0xff, 0x8b, 0x00, 0x00,
  0x00, 0x00, 0x00, 0x1b, 0xff, 0x8b, 0x18, 0xff, 0x98, 0x00, 0x00, 0x00,
  0x00, 0x00, 0x29, 0xff, 0x87, 0x00, 0xe9, 0xec, 0x21, 0x00, 0x00, 0x00,
  0x02, 0xa2, 0xff, 0x59, 0x00, 0x69, 0xff, 0xf2, 0xb6, 0xaf, 0xb0, 0xd8,
  0xff, 0xd1, 0x06, 0x00, 0x00, 0x63, 0xd7, 0xfe, 0xff, 0xff, 0xef, 0xa5,
  0x14, 0x00, 0x00, 0x00, 0x00, 0x00, 0x00, 0x00, 0x40, 0xdd, 0x72, 0x00,
  0x00, 0x00, 0x00, 0x01, 0x79, 0xfc, 0xff, 0x8f, 0x00, 0x00, 0x00, 0x13,
  0xb5, 0xff, 0xd8, 0xff, 0x8f, 0x00, 0x00, 0x37, 0xe1, 0xff, 0x9a, 0x1c,
  0xff, 0x8f, 0x00, 0x6d, 0xfa, 0xf5, 0x5d, 0x00, 0x13, 0xff, 0x8f, 0x08,
  0xf6, 0xd8, 0x2c, 0x00, 0x00, 0x13, 0xff, 0x8f, 0x00, 0x28, 0x0c, 0x00,
  0x00, 0x00, 0x13, 0xff, 0x8f, 0x00, 0x00, 0x00, 0x00, 0x00, 0x00, 0x13,
  0xff, 0x8f, 0x00, 0x00, 0x00, 0x00, 0x00, 0x00, 0x13, 0xff, 0x8f, 0x00,
  0x00, 0x00, 0x00, 0x00, 0x00, 0x13, 0xff, 0x8f, 0x00, 0x00, 0x00, 0x00,
  0x00, 0x00, 0x13, 0xff, 0x8f, 0x00, 0x00, 0x00, 0x00, 0x00, 0x00, 0x13,
  0xff, 0x8f, 0x00, 0x00, 0x00, 0x00, 0x00, 0x00, 0x13, 0xff, 0x8f, 0x00,
  0x00, 0x00, 0x00, 0x00, 0x00, 0x13, 0xff, 0x8f, 0x00, 0x00, 0x00, 0x00,
  0x00, 0x00, 0x13, 0xff, 0x8f, 0x00, 0x00, 0x00, 0x00, 0x00, 0x00, 0x13,
  0xff, 0x8f, 0x00, 0x00, 0x00, 0x00, 0x00, 0x00, 0x13, 0xff, 0x8f, 0x00,
  0x00, 0x00, 0x00, 0x00, 0x00, 0x09, 0xe9, 0x73, 0x00, 0x10, 0x97, 0xe7,
  0xff, 0xff, 0xff, 0xee, 0xa3, 0x14, 0x00, 0x02, 0xc0, 0xff, 0xe0, 0xb1,
  0xaf, 0xb0, 0xd8, 0xff, 0xd1, 0x06, 0x32, 0xff, 0xb3, 0x05, 0x00, 0x00,
  0x00, 0x02, 0xa2, 0xff, 0x58, 0x43, 0xfc, 0x3f, 0x00, 0x00, 0x00, 0x00,
  0x00, 0x29, 0xff, 0x87, 0x00, 0x02, 0x00, 0x00, 0x00, 0x00, 0x00, 0x00,
  0x1b, 0xff, 0x8b, 0x00, 0x00, 0x00, 0x00, 0x00, 0x00, 0x00, 0x00, 0x1b,
  0xff, 0x8b, 0x00, 0x00, 0x00, 0x00, 0x00, 0x00, 0x00, 0x00, 0x2b, 0xff,
  0x8b, 0x00, 0x00, 0x00, 0x00, 0x00, 0x00, 0x00, 0x26, 0xdf, 0xff, 0x52,
  0x00, 0x00, 0x00, 0x00, 0x00, 0x00, 0x35, 0xea, 0xfb, 0x61, 0x00, 0x00,
  0x00, 0x00, 0x00, 0x00, 0x46, 0xf3, 0xf6, 0x4c, 0x00, 0x00, 0x00, 0x00,
  0x00, 0x00, 0x5a, 0xfa, 0xed, 0x3a, 0x00, 0x00, 0x00, 0x00, 0x00, 0x00,
  0x70, 0xfe, 0xe2, 0x2a, 0x00, 0x00, 0x00, 0x00, 0x00, 0x00, 0x87, 0xff,
  0xd5, 0x1c, 0x00, 0x00, 0x00, 0x00, 0x00, 0x00, 0x9a, 0xff, 0xc5, 0x11,
  0x00, 0x00, 0x00, 0x00, 0x00, 0x00, 0x17, 0xff, 0xc2, 0x09, 0x00, 0x00,
  0x00, 0x00, 0x00, 0x00, 0x00, 0x1b, 0xff, 0x8b, 0x00, 0x00, 0x00, 0x00,
  0x00, 0x00, 0x00, 0x00, 0x1b, 0xff, 0xdb, 0xaf, 0xaf, 0xaf, 0xaf, 0xaf,
  0xaf, 0xaf, 0x6a, 0x08, 0xe0, 0xff, 0xff, 0xff, 0xff, 0xff, 0xff, 0xff,
  0xff, 0xa8, 0x00, 0x03, 0x73, 0xda, 0xfe, 0xff, 0xff, 0xee, 0xa3, 0x13,
  0x00, 0x00, 0x82, 0xff, 0xef, 0xb5, 0xaf, 0xb0, 0xd9, 0xff, 0xcf, 0x05,
  0x02, 0xf2, 0xdf, 0x16, 0x00, 0x00, 0x00, 0x03, 0xa3, 0xff, 0x57, 0x10,
  0xfb, 0x81, 0x00, 0x00, 0x00, 0x00, 0x00, 0x29, 0xff, 0x86, 0x00, 0x0d,
  0x01, 0x00, 0x00, 0x00, 0x00, 0x00, 0x1b, 0xff, 0x8b, 0x00, 0x00, 0x00,
  0x00, 0x00, 0x00, 0x00, 0x00, 0x1b, 0xff, 0x8b, 0x00, 0x00, 0x00, 0x00,
  0x00, 0x00, 0x00, 0x00, 0x29, 0xff, 0x85, 0x00, 0x00, 0x00, 0x00, 0x00,
  0x00, 0x00, 0x01, 0x9f, 0xff, 0x45, 0x00, 0x00, 0x00, 0x00, 0x37, 0xa7,
  0xa8, 0xd2, 0xff, 0xbb, 0x02, 0x00, 0x00, 0x00, 0x00, 0x62, 0xff, 0xff,
  0xff, 0xff, 0x82, 0x00, 0x00, 0x00, 0x00, 0x00, 0x00, 0x00, 0x00, 0x2a,
  0xd1, 0xfe, 0x2c, 0x00, 0x00, 0x00, 0x00, 0x00, 0x00, 0x00, 0x00, 0x3a,
  0xff, 0x7b, 0x00, 0x00, 0x00, 0x00, 0x00, 0x00, 0x00, 0x00, 0x1b, 0xff,
  0x8b, 0x00, 0x00, 0x00, 0x00, 0x00, 0x00, 0x00, 0x00, 0x1b, 0xff, 0x8b,
  0x09, 0xe3, 0x6a, 0x00, 0x00, 0x00, 0x00, 0x00, 0x27, 0xff, 0x89, 0x00,
  0xeb, 0xde, 0x14, 0x00, 0x00, 0x00, 0x02, 0x9d, 0xff, 0x5c, 0x00, 0x6d,
  0xff, 0xed, 0xb5, 0xaf, 0xb0, 0xd7, 0xff, 0xd5, 0x08, 0x00, 0x00, 0x65,
  0xd8, 0xfe, 0xff, 0xff, 0xef, 0xa6, 0x16, 0x00, 0x00, 0x00, 0x00, 0x00,
  0x00, 0x00, 0x00, 0x65, 0xea, 0x16, 0x00, 0x00, 0x00, 0x00, 0x00, 0x00,
  0x00, 0x00, 0x2e, 0xf8, 0xff, 0x27, 0x00, 0x00, 0x00, 0x00, 0x00, 0x00,
  0x00, 0x07, 0xd3, 0xff, 0xff, 0x27, 0x00, 0x00, 0x00, 0x00, 0x00, 0x00,
  0x00, 0x8f, 0xff, 0xcf, 0xff, 0x27, 0x00, 0x00, 0x00, 0x00, 0x00, 0x00,
  0x45, 0xfe, 0xa3, 0x7f, 0xff, 0x27, 0x00, 0x00, 0x00, 0x00, 0x00, 0x12,
  0xe5, 0xe1, 0x0f, 0x7f, 0xff, 0x27, 0x00, 0x00, 0x00, 0x00, 0x00, 0xac,
  0xfe, 0x41, 0x00, 0x7f, 0xff, 0x27, 0x00, 0x00, 0x00, 0x00, 0x61, 0xff,
  0x8c, 0x00, 0x00, 0x7f, 0xff, 0x27, 0x00, 0x00, 0x00, 0x22, 0xf2, 0xd3,
  0x07, 0x00, 0x00, 0x7f, 0xff, 0x27, 0x00, 0x00, 0x03, 0xc6, 0xf9, 0x2f,
  0x00, 0x00, 0x00, 0x7f, 0xff, 0x27, 0x00, 0x00, 0x79, 0xff, 0xe8, 0xaf,
  0xaf, 0xaf, 0xaf, 0xd7, 0xff, 0xbc, 0xa6, 0x10, 0x94, 0xff, 0xff, 0xff,
  0xff, 0xff, 0xff, 0xff, 0xff, 0xff, 0xf7, 0x21, 0x00, 0x00, 0x00, 0x00,
  0x00, 0x00, 0x00, 0x7f, 0xff, 0x27, 0x00, 0x00, 0x00, 0x00, 0x00, 0x00,
  0x00, 0x00, 0x00, 0x7f, 0xff, 0x27, 0x00, 0x00, 0x00, 0x00, 0x00, 0x00,
  0x00, 0x00, 0x00, 0x7f, 0xff, 0x27, 0x00, 0x00, 0x00, 0x00, 0x00, 0x00,
  0x00, 0x00, 0x00, 0x7f, 0xff, 0x27, 0x00, 0x00, 0x00, 0x00, 0x00, 0x00,
  0x00, 0x00, 0x00, 0x7f, 0xff, 0x27, 0x00, 0x00, 0x00, 0x00, 0x00, 0x00,
  0x00, 0x00, 0x00, 0x63, 0xee, 0x15, 0x00, 0x00, 0x00, 0xae, 0xff, 0xff,
  0xff, 0xff, 0xff, 0xff, 0xff, 0xf0, 0x12, 0x00, 0xe3, 0xef, 0xaf, 0xaf,
  0xaf, 0xaf, 0xaf, 0xaf, 0xa0, 0x08, 0x00, 0xe3, 0xcb, 0x00, 0x00, 0x00,
  0x00, 0x00, 0x00, 0x00, 0x00, 0x00, 0xe3, 0xcb, 0x00, 0x00, 0x00, 0x00,
  0x00, 0x00, 0x00, 0x00, 0x00, 0xe3, 0xcb, 0x00, 0x00, 0x00, 0x00, 0x00,
  0x00, 0x00, 0x00, 0x00, 0xe3, 0xcb, 0x00, 0x00, 0x00, 0x00, 0x00, 0x00,
  0x00, 0x00, 0x00, 0xe3, 0xcb, 0x00, 0x00, 0x00, 0x00, 0x00, 0x00, 0x00,
  0x00, 0x00, 0xe3, 0xef, 0xaf, 0xaf, 0xaf, 0xaf, 0x8d, 0x36, 0x00, 0x00,
  0x00, 0xad, 0xff, 0xff, 0xff, 0xff, 0xff, 0xff, 0xfc, 0x6d, 0x00, 0x00,
  0x00, 0x00, 0x00, 0x00, 0x00, 0x03, 0x43, 0xe5, 0xfb, 0x2c, 0x00, 0x00,
  0x00, 0x00, 0x00, 0x00, 0x00, 0x00, 0x4e, 0xff, 0x77, 0x00, 0x00, 0x00,
  0x00, 0x00, 0x00, 0x00, 0x00, 0x1c, 0xff, 0x8f, 0x00, 0x00, 0x00, 0x00,
  0x00, 0x00, 0x00, 0x00, 0x1b, 0xff, 0x8f, 0x00, 0x0b, 0x00, 0x00, 0x00,
  0x00, 0x00, 0x00, 0x1b, 0xff, 0x8f, 0x0d, 0xf9, 0x76, 0x00, 0x00, 0x00,
  0x00, 0x00, 0x37, 0xff, 0x7f, 0x00, 0xea, 0xda, 0x13, 0x00, 0x00, 0x00,
  0x09, 0xba, 0xff, 0x3e, 0x00, 0x68, 0xff, 0xed, 0xb4, 0xaf, 0xb2, 0xe5,
  0xff, 0xa0, 0x00, 0x00, 0x00, 0x63, 0xd7, 0xfe, 0xff, 0xff, 0xdc, 0x7a,
  0x02, 0x00, 0x00, 0x00, 0x65, 0xd7, 0xfe, 0xff, 0xff, 0xf1, 0xb2, 0x26,
  0x00, 0x00, 0x6e, 0xff, 0xf3, 0xb6, 0xaf, 0xb0, 0xe0, 0xff, 0xe6, 0x16,
  0x00, 0xeb, 0xea, 0x21, 0x00, 0x00, 0x00, 0x01, 0x7f, 0xff, 0x6a, 0x19,
  0xff, 0x95, 0x00, 0x00, 0x00, 0x00, 0x00, 0x11, 0xf2, 0x70, 0x1b, 0xff,
  0x8b, 0x00, 0x00, 0x00, 0x00, 0x00, 0x00, 0x00, 0x00, 0x1b, 0xff, 0x8b,
  0x00, 0x00, 0x00, 0x00, 0x00, 0x00, 0x00, 0x00, 0x1b, 0xff, 0x8b, 0x00,
  0x00, 0x00, 0x00, 0x00, 0x00, 0x00, 0x00, 0x1b, 0xff, 0x98, 0x7e, 0xae,
  0xaf, 0xaf, 0x9f, 0x57, 0x00, 0x00, 0x1b, 0xff, 0xff, 0xff, 0xff, 0xff,
  0xff, 0xff, 0xff, 0x9c, 0x00, 0x1b, 0xff, 0xff, 0x7b, 0x08, 0x00, 0x00,
  0x34, 0xe1, 0xff, 0x3e, 0x1b, 0xff, 0xb7, 0x00, 0x00, 0x00, 0x00, 0x00,
  0x49, 0xff, 0x7c, 0x1b, 0xff, 0x8b, 0x00, 0x00, 0x00, 0x00, 0x00, 0x1b,
  0xff, 0x8b, 0x1b, 0xff, 0x8b, 0x00, 0x00, 0x00, 0x00, 0x00, 0x1b, 0xff,
  0x8b, 0x1b, 0xff, 0x8b, 0x00, 0x00, 0x00, 0x00, 0x00, 0x1b, 0xff, 0x8b,
  0x18, 0xff, 0x9a, 0x00, 0x00, 0x00, 0x00, 0x00, 0x2b, 0xff, 0x86, 0x00,
  0xe9, 0xee, 0x24, 0x00, 0x00, 0x00, 0x03, 0xa6, 0xff, 0x55, 0x00, 0x69,
  0xff, 0xf3, 0xb6, 0xaf, 0xb0, 0xd8, 0xff, 0xce, 0x05, 0x00, 0x00, 0x63,
  0xd7, 0xfe, 0xff, 0xff, 0xee, 0xa3, 0x13, 0x00, 0x0f, 0xf2, 0xff, 0xff,
  0xff, 0xff, 0xff, 0xff, 0xff, 0xfc, 0x60, 0x05, 0xa1, 0xaf, 0xaf, 0xaf,
  0xaf, 0xaf, 0xaf, 0xb7, 0xff, 0x8f, 0x00, 0x00, 0x00, 0x00, 0x00, 0x00,
  0x00, 0x00, 0x3e, 0xff, 0x87, 0x00, 0x00, 0x00, 0x00, 0x00, 0x00, 0x00,
  0x00, 0xc1, 0xfc, 0x28, 0x00, 0x00, 0x00, 0x00, 0x00, 0x00, 0x00, 0x48,
  0xff, 0x9c, 0x00, 0x00, 0x00, 0x00, 0x00, 0x00, 0x00, 0x01, 0xce, 0xf8,
  0x1d, 0x00, 0x00, 0x00, 0x00, 0x00, 0x00, 0x00, 0x57, 0xff, 0x8d, 0x00,
  0x00, 0x00, 0x00, 0x00, 0x00, 0x00, 0x04, 0xda, 0xf2, 0x14, 0x00, 0x00,
  0x00, 0x00, 0x00, 0x00, 0x00, 0x66, 0xff, 0x7d, 0x00, 0x00, 0x00, 0x00,
  0x00, 0x00, 0x00, 0x09, 0xe4, 0xea, 0x0c, 0x00, 0x00, 0x00, 0x00, 0x00,
  0x00, 0x00, 0x75, 0xff, 0x6e, 0x00, 0x00, 0x00, 0x00, 0x00, 0x00, 0x00,
  0x0f, 0xed, 0xe0, 0x06, 0x00, 0x00, 0x00, 0x00, 0x00, 0x00, 0x00, 0x84,
  0xff, 0x5f, 0x00, 0x00, 0x00, 0x00, 0x00, 0x00, 0x00, 0x16, 0xf4, 0xd5,
  0x02, 0x00, 0x00, 0x00, 0x00, 0x00, 0x00, 0x00, 0x92, 0xff, 0x4f, 0x00,
  0x00, 0x00, 0x00, 0x00, 0x00, 0x00, 0x20, 0xf9, 0xc8, 0x00, 0x00, 0x00,
  0x00, 0x00, 0x00, 0x00, 0x00, 0xa0, 0xff, 0x41, 0x00, 0x00, 0x00, 0x00,
  0x00, 0x00, 0x00, 0x00, 0x9d, 0xaa, 0x00, 0x00, 0x00, 0x00, 0x00, 0x00,
  0x00, 0x00, 0x00, 0x00, 0x64, 0xd6, 0xfe, 0xff, 0xff, 0xee, 0xa5, 0x16,
  0x00, 0x00, 0x6b, 0xff, 0xf3, 0xb7, 0xaf, 0xb0, 0xd8, 0xff, 0xd5, 0x08,
  0x00, 0xea, 0xeb, 0x22, 0x00, 0x00, 0x00, 0x02, 0x9c, 0xff, 0x5c, 0x18,
  0xff, 0x96, 0x00, 0x00, 0x00, 0x00, 0x00, 0x26, 0xff, 0x89, 0x1b, 0xff,
  0x8b, 0x00, 0x00, 0x00, 0x00, 0x00, 0x1b, 0xff, 0x8b, 0x1b, 0xff, 0x8b,
  0x00, 0x00, 0x00, 0x00, 0x00, 0x1b, 0xff, 0x8b, 0x11, 0xfe, 0xb3, 0x00,
  0x00, 0x00, 0x00, 0x00, 0x35, 0xff, 0x7c, 0x00, 0xce, 0xfb, 0x46, 0x01,
  0x00, 0x00, 0x16, 0xc0, 0xff, 0x34, 0x00, 0x3d, 0xfc, 0xff, 0xff, 0xff,
  0xff, 0xff, 0xff, 0x97, 0x00, 0x00, 0x41, 0xfd, 0xf5, 0xc9, 0xc7, 0xc7,
  0xde, 0xff, 0xbe, 0x02, 0x00, 0xd0, 0xed, 0x1f, 0x00, 0x00, 0x00, 0x01,
  0x9d, 0xff, 0x47, 0x11, 0xff, 0x99, 0x00, 0x00, 0x00, 0x00, 0x00, 0x29,
  0xff, 0x83, 0x1b, 0xff, 0x8b, 0x00, 0x00, 0x00, 0x00, 0x00, 0x1b, 0xff,
  0x8b, 0x1b, 0xff, 0x8b, 0x00, 0x00, 0x00, 0x00, 0x00, 0x1b, 0xff, 0x8b,
  0x18, 0xff, 0x99, 0x00, 0x00, 0x00, 0x00, 0x00, 0x2a, 0xff, 0x86, 0x00,
  0xe9, 0xed, 0x22, 0x00, 0x00, 0x00, 0x03, 0xa4, 0xff, 0x56, 0x00, 0x69,
  0xff, 0xf2, 0xb6, 0xaf, 0xb0, 0xd8, 0xff, 0xcf, 0x05, 0x00, 0x00, 0x63,
  0xd7, 0xfe, 0xff, 0xff, 0xee, 0xa3, 0x13, 0x00, 0x00, 0x00, 0x61, 0xd6,
  0xfe, 0xff, 0xff, 0xee, 0xa4, 0x15, 0x00, 0x00, 0x67, 0xff, 0xf4, 0xb7,
  0xaf, 0xb0, 0xd9, 0xff, 0xd3, 0x07, 0x00, 0xe7, 0xef, 0x26, 0x00, 0x00,
  0x00, 0x03, 0xa3, 0xff, 0x5a, 0x17, 0xff, 0x99, 0x00, 0x00, 0x00, 0x00,
  0x00, 0x29, 0xff, 0x88, 0x1b, 0xff, 0x8b, 0x00, 0x00, 0x00, 0x00, 0x00,
  0x1b, 0xff, 0x8b, 0x1b, 0xff, 0x8b, 0x00, 0x00, 0x00, 0x00, 0x00, 0x1b,
  0xff, 0x8b, 0x1b, 0xff, 0x8b, 0x00, 0x00, 0x00, 0x00, 0x00, 0x1b, 0xff,
  0x8b, 0x0e, 0xfe, 0xaf, 0x00, 0x00, 0x00, 0x00, 0x00, 0x40, 0xff, 0x8b,
  0x00, 0xca, 0xfe, 0x6b, 0x07, 0x00, 0x00, 0x2b, 0xd6, 0xff, 0x8b, 0x00,
  0x31, 0xef, 0xff, 0xff, 0xff, 0xff, 0xff, 0xff, 0xff, 0x8b, 0x00, 0x00,
  0x1e, 0x83, 0xaa, 0xab, 0xab, 0x9b, 0x60, 0xff, 0x8b, 0x00, 0x00, 0x00,
  0x00, 0x00, 0x00, 0x00, 0x00, 0x1b, 0xff, 0x8b, 0x00, 0x00, 0x00, 0x00,
  0x00, 0x00, 0x00, 0x00, 0x1b, 0xff, 0x8b, 0x00, 0x00, 0x00, 0x00, 0x00,
  0x00, 0x00, 0x00, 0x1b, 0xff, 0x8b, 0x0d, 0xe4, 0x6e, 0x00, 0x00, 0x00,
  0x00, 0x00, 0x26, 0xff, 0x87, 0x04, 0xf5, 0xdb, 0x17, 0x00, 0x00, 0x00,
  0x02, 0x9d, 0xff, 0x59, 0x00, 0x8c, 0xff, 0xf9, 0xb9, 0xaf, 0xb0, 0xd7,
  0xff, 0xd1, 0x06, 0x00, 0x04, 0x79, 0xdd, 0xfe, 0xff, 0xff, 0xef, 0xa5,
  0x14, 0x00, 0x0b, 0x5f, 0x1b, 0x78, 0xff, 0xb6, 0x41, 0xe4, 0x72, 0x00,
  0x00, 0x00, 0x00, 0x00, 0x00, 0x00, 0x00, 0x00, 0x00, 0x00, 0x00, 0x0a,
  0x5b, 0x19, 0x78, 0xff, 0xb5, 0x42, 0xe5, 0x72, 0x40, 0xe3, 0x6f, 0x79,
  0xff, 0xb6, 0x0c, 0x60, 0x1d, 0x00, 0x00, 0x00, 0x00, 0x00, 0x00, 0x00,
  0x00, 0x00, 0x00, 0x26, 0x02, 0x67, 0xff, 0xa0, 0x64, 0xff, 0xa9, 0x05,
  0xec, 0x40, 0x2e, 0xbf, 0x00, 0x00, 0x00, 0x00, 0x00, 0x00, 0x00, 0x00,
  0x15, 0x30, 0x00, 0x00, 0x00, 0x00, 0x00, 0x00, 0x12, 0x86, 0xf4, 0xf3,
  0x03, 0x00, 0x00, 0x00, 0x0f, 0x81, 0xf1, 0xff, 0xd6, 0x56, 0x00, 0x00,
  0x0d, 0x7b, 0xee, 0xff, 0xcd, 0x53, 0x01, 0x00, 0x00, 0x03, 0xe3, 0xff,
  0xd4, 0x49, 0x00, 0x00, 0x00, 0x00, 0x00, 0x00, 0x98, 0xfc, 0xfb, 0x9d,
  0x23, 0x00, 0x00, 0x00, 0x00, 0x00, 0x00, 0x26, 0xa5, 0xfd, 0xfb, 0xa0,
  0x26, 0x00, 0x00, 0x00, 0x00, 0x00, 0x00, 0x2a, 0xaa, 0xfe, 0xfc, 0x9d,
  0x01, 0x00, 0x00, 0x00, 0x00, 0x00, 0x00, 0x2e, 0xae, 0xce, 0x01, 0x4d,
  0xfe, 0xff, 0xff, 0xff, 0xff, 0xff, 0xff, 0xfe, 0x4c, 0x2e, 0xae, 0xaf,
  0xaf, 0xaf, 0xaf, 0xaf, 0xaf, 0xae, 0x2d, 0x00, 0x00, 0x00, 0x00, 0x00,
  0x00, 0x00, 0x00, 0x00, 0x00, 0x00, 0x00, 0x00, 0x00, 0x00, 0x00, 0x00,
  0x00, 0x00, 0x00, 0x00, 0x00, 0x00, 0x00, 0x00, 0x00, 0x00, 0x00, 0x00,
  0x00, 0x2c, 0xae, 0xaf, 0xaf, 0xaf, 0xaf, 0xaf, 0xaf, 0xae, 0x2c, 0x4e,
  0xfe, 0xff, 0xff, 0xff, 0xff, 0xff, 0xff, 0xfe, 0x4e, 0x00, 0x30, 0x15,
  0x00, 0x00, 0x00, 0x00, 0x00, 0x00, 0x00, 0x03, 0xf3, 0xf4, 0x86, 0x12,
  0x00, 0x00, 0x00, 0x00, 0x00, 0x00, 0x56, 0xd6, 0xff, 0xf1, 0x81, 0x0f,
  0x00, 0x00, 0x00, 0x00, 0x00, 0x01, 0x53, 0xcd, 0xff, 0xee, 0x7b, 0x0c,
  0x00, 0x00, 0x00, 0x00, 0x00, 0x00, 0x49, 0xd4, 0xff, 0xe3, 0x03, 0x00,
  0x00, 0x00, 0x00, 0x23, 0x9d, 0xfb, 0xfc, 0x98, 0x00, 0x00, 0x00, 0x26,
  0xa0, 0xfc, 0xfd, 0xa5, 0x26, 0x00, 0x00, 0x01, 0x9d, 0xfc, 0xfe, 0xaa,
  0x2a, 0x00, 0x00, 0x00, 0x00, 0x01, 0xce, 0xae, 0x2e, 0x00, 0x00, 0x00,
  0x00, 0x00, 0x00, 0x00, 0x61, 0xd5, 0xfd, 0xff, 0xff, 0xe8, 0x93, 0x0a,
  0x00, 0x66, 0xff, 0xf0, 0xb5, 0xaf, 0xb0, 0xe1, 0xff, 0xb6, 0x00, 0xd6,
  0xed, 0x1d, 0x00, 0x00, 0x00, 0x08, 0xbc, 0xff, 0x38, 0xe5, 0x98, 0x00,
  0x00, 0x00, 0x00, 0x00, 0x49, 0xff, 0x67, 0x02, 0x00, 0x00, 0x00, 0x00,
  0x00, 0x00, 0x3b, 0xff, 0x6b, 0x00, 0x00, 0x00, 0x00, 0x00, 0x00, 0x00,
  0x3c, 0xff, 0x6b, 0x00, 0x00, 0x00, 0x00, 0x00, 0x00, 0x0e, 0xc3, 0xff,
  0x51, 0x00, 0x00, 0x00, 0x00, 0x00, 0x11, 0xca, 0xff, 0x90, 0x01, 0x00,
  0x00, 0x00, 0x00, 0x15, 0xd0, 0xff, 0x84, 0x00, 0x00, 0x00, 0x00, 0x00,
  0x16, 0xd6, 0xff, 0x78, 0x00, 0x00, 0x00, 0x00, 0x00, 0x00, 0x77, 0xff,
  0x73, 0x00, 0x00, 0x00, 0x00, 0x00, 0x00, 0x00, 0x7f, 0xff, 0x27, 0x00,
  0x00, 0x00, 0x00, 0x00, 0x00, 0x00, 0x7f, 0xff, 0x27, 0x00, 0x00, 0x00,
  0x00, 0x00, 0x00, 0x00, 0x3d, 0x9f, 0x0a, 0x00, 0x00, 0x00, 0x00, 0x00,
  0x00, 0x00, 0x00, 0x00, 0x00, 0x00, 0x00, 0x00, 0x00, 0x00, 0x00, 0x00,
  0x00, 0x11, 0x00, 0x00, 0x00, 0x00, 0x00, 0x00, 0x00, 0x00, 0x90, 0xfc,
  0x3b, 0x00, 0x00, 0x00, 0x00, 0x00, 0x00, 0x00, 0x71, 0xe3, 0x2a, 0x00,
  0x00, 0x00, 0x00, 0x00, 0x19, 0xab, 0xef, 0xff, 0xff, 0xff, 0xfc, 0xd2,
  0x56, 0x00, 0x06, 0xd4, 0xff, 0xb9, 0x98, 0x97, 0x97, 0xa1, 0xeb, 0xff,
  0x4b, 0x4c, 0xff, 0x7d, 0x00, 0x00, 0x00, 0x00, 0x00, 0x1c, 0xf1, 0xb8,
  0x74, 0xff, 0x22, 0x09, 0xa9, 0xf7, 0xd8, 0x3e, 0x00, 0xb7, 0xde, 0x77,
  0xff, 0x17, 0x7b, 0xff, 0xae, 0xe9, 0xe6, 0x01, 0xaf, 0xdf, 0x77, 0xff,
  0x17, 0xa7, 0xea, 0x00, 0x7f, 0xff, 0x13, 0xaf, 0xdf, 0x77, 0xff, 0x17,
  0xa7, 0xea, 0x00, 0x7b, 0xff, 0x13, 0xb7, 0xdf, 0x77, 0xff, 0x17, 0x7b,
  0xff, 0xad, 0xca, 0xff, 0xab, 0xfb, 0xcf, 0x74, 0xff, 0x21, 0x0a, 0xaa,
  0xf8, 0xff, 0xff, 0xff, 0xe8, 0x4c, 0x4d, 0xff, 0x79, 0x00, 0x00, 0x00,
  0x00, 0x00, 0x00, 0x00, 0x00, 0x07, 0xd6, 0xff, 0xb7, 0x97, 0x97, 0x97,
  0x97, 0x97, 0x97, 0x6f, 0x00, 0x1c, 0xad, 0xf0, 0xff, 0xff, 0xff, 0xff,
  0xff, 0xff, 0xcd, 0x00, 0x00, 0x00, 0x00, 0x0f, 0xd7, 0x62, 0x00, 0x00,
  0x00, 0x00, 0x00, 0x00, 0x00, 0x00, 0x00, 0x55, 0xff, 0xbc, 0x00, 0x00,
  0x00, 0x00, 0x00, 0x00, 0x00, 0x00, 0x00, 0xa1, 0xff, 0xfa, 0x0d, 0x00,
  0x00, 0x00, 0x00, 0x00, 0x00, 0x00, 0x02, 0xea, 0xed, 0xff, 0x52, 0x00,
  0x00, 0x00, 0x00, 0x00, 0x00, 0x00, 0x38, 0xff, 0x77, 0xf9, 0x9d, 0x00,
  0x00, 0x00, 0x00, 0x00, 0x00, 0x00, 0x83, 0xff, 0x25, 0xbe, 0xe7, 0x01,
  0x00, 0x00, 0x00, 0x00, 0x00, 0x00, 0xcf, 0xe0, 0x00, 0x78, 0xff, 0x33,
  0x00, 0x00, 0x00, 0x00, 0x00, 0x1b, 0xff, 0x99, 0x00, 0x32, 0xff, 0x7e,
  0x00, 0x00, 0x00, 0x00, 0x00, 0x66, 0xff, 0x53, 0x00, 0x01, 0xeb, 0xca,
  0x00, 0x00, 0x00, 0x00, 0x00, 0xb1, 0xfd, 0x11, 0x00, 0x00, 0xa6, 0xfe,
  0x17, 0x00, 0x00, 0x00, 0x07, 0xf5, 0xff, 0xff, 0xff, 0xff, 0xff, 0xff,
  0x60, 0x00, 0x00, 0x00, 0x48, 0xff, 0xd2, 0xb3, 0xb3, 0xb3, 0xb4, 0xff,
  0xab, 0x00, 0x00, 0x00, 0x94, 0xff, 0x34, 0x00, 0x00, 0x00, 0x00, 0xcd,
  0xf1, 0x05, 0x00, 0x00, 0xdf, 0xe4, 0x01, 0x00, 0x00, 0x00, 0x00, 0x7e,
  0xff, 0x41, 0x00, 0x2b, 0xff, 0x95, 0x00, 0x00, 0x00, 0x00, 0x00, 0x2f,
  0xff, 0x8c, 0x00, 0x76, 0xff, 0x45, 0x00, 0x00, 0x00, 0x00, 0x00, 0x00,
  0xdf, 0xd7, 0x00, 0xc2, 0xf1, 0x05, 0x00, 0x00, 0x00, 0x00, 0x00, 0x00,
  0x91, 0xff, 0x22, 0xbd, 0x8a, 0x00, 0x00, 0x00, 0x00, 0x00, 0x00, 0x00,
  0x39, 0xed, 0x30, 0xe4, 0xff, 0xff, 0xff, 0xff, 0xff, 0xf4, 0xad, 0x18,
  0x00, 0xf3, 0xe8, 0xaf, 0xaf, 0xaf, 0xaf, 0xcf, 0xff, 0xdc, 0x0a, 0xf3,
  0xb3, 0x00, 0x00, 0x00, 0x00, 0x00, 0x94, 0xff, 0x70, 0xf3, 0xb3, 0x00,
  0x00, 0x00, 0x00, 0x00, 0x10, 0xfe, 0xa7, 0xf3, 0xb3, 0x00, 0x00, 0x00,
  0x00, 0x00, 0x00, 0xf7, 0xaf, 0xf3, 0xb3, 0x00, 0x00, 0x00, 0x00, 0x00,
  0x00, 0xf8, 0xaf, 0xf3, 0xb3, 0x00, 0x00, 0x00, 0x00, 0x00, 0x34, 0xff,
  0x9a, 0xf3, 0xb3, 0x00, 0x00, 0x00, 0x00, 0x35, 0xdd, 0xfb, 0x33, 0xf3,
  0xff, 0xff, 0xff, 0xff, 0xff, 0xff, 0xff, 0x72, 0x00, 0xf3, 0xe8, 0xaf,
  0xaf, 0xaf, 0xb0, 0xe1, 0xff, 0xad, 0x00, 0xf3, 0xb3, 0x00, 0x00, 0x00,
  0x00, 0x08, 0xb4, 0xff, 0x56, 0xf3, 0xb3, 0x00, 0x00, 0x00, 0x00, 0x00,
  0x1a, 0xfe, 0xa4, 0xf3, 0xb3, 0x00, 0x00, 0x00, 0x00, 0x00, 0x00, 0xf7,
  0xaf, 0xf3, 0xb3, 0x00, 0x00, 0x00, 0x00, 0x00, 0x00, 0xf7, 0xaf, 0xf3,
  0xb3, 0x00, 0x00, 0x00, 0x00, 0x00, 0x14, 0xfe, 0xa3, 0xf3, 0xb3, 0x00,
  0x00, 0x00, 0x00, 0x00, 0x9b, 0xff, 0x69, 0xf3, 0xe8, 0xaf, 0xaf, 0xaf,
  0xaf, 0xcf, 0xff, 0xd7, 0x07, 0xe4, 0xff, 0xff, 0xff, 0xff, 0xff, 0xf4,
  0xad, 0x16, 0x00, 0x00, 0x4a, 0xcd, 0xfc, 0xff, 0xff, 0xf6, 0xc0, 0x36,
  0x00, 0x45, 0xfe, 0xfa, 0xbc, 0xaf, 0xaf, 0xc6, 0xff, 0xf5, 0x29, 0xc4,
  0xfa, 0x3d, 0x00, 0x00, 0x00, 0x00, 0x61, 0xff, 0x8c, 0xf0, 0xbf, 0x00,
  0x00, 0x00, 0x00, 0x00, 0x02, 0xe3, 0x99, 0xf3, 0xb3, 0x00, 0x00, 0x00,
  0x00, 0x00, 0x00, 0x02, 0x00, 0xf3, 0xb3, 0x00, 0x00, 0x00, 0x00, 0x00,
  0x00, 0x00, 0x00, 0xf3, 0xb3, 0x00, 0x00, 0x00, 0x00, 0x00, 0x00, 0x00,
  0x00, 0xf3, 0xb3, 0x00, 0x00, 0x00, 0x00, 0x00, 0x00, 0x00, 0x00, 0xf3,
  0xb3, 0x00, 0x00, 0x00, 0x00, 0x00, 0x00, 0x00, 0x00, 0xf3, 0xb3, 0x00,
  0x00, 0x00, 0x00, 0x00, 0x00, 0x00, 0x00, 0xf3, 0xb3, 0x00, 0x00, 0x00,
  0x00, 0x00, 0x00, 0x00, 0x00, 0xf3, 0xb3, 0x00, 0x00, 0x00, 0x00, 0x00,
  0x00, 0x00, 0x00, 0xf3, 0xb3, 0x00, 0x00, 0x00, 0x00, 0x00, 0x00, 0x00,
  0x00, 0xf3, 0xb3, 0x00, 0x00, 0x00, 0x00, 0x00, 0x00, 0x02, 0x00, 0xf0,
  0xc0, 0x00, 0x00, 0x00, 0x00, 0x00, 0x02, 0xe3, 0x99, 0xc3, 0xfb, 0x40,
  0x00, 0x00, 0x00, 0x00, 0x61, 0xff, 0x89, 0x44, 0xfe, 0xfa, 0xbc, 0xaf,
  0xaf, 0xc6, 0xff, 0xf3, 0x26, 0x00, 0x49, 0xcd, 0xfc, 0xff, 0xff, 0xf6,
  0xbf, 0x33, 0x00, 0xdd, 0xff, 0xff, 0xff, 0xff, 0xff, 0xe8, 0x93, 0x0a,
  0x00, 0xf3, 0xe8, 0xaf, 0xaf, 0xaf, 0xb0, 0xe0, 0xff, 0xc5, 0x03, 0xf3,
  0xb3, 0x00, 0x00, 0x00, 0x00, 0x07, 0xb0, 0xff, 0x64, 0xf3, 0xb3, 0x00,
  0x00, 0x00, 0x00, 0x00, 0x17, 0xfe, 0xa3, 0xf3, 0xb3, 0x00, 0x00, 0x00,
  0x00, 0x00, 0x00, 0xf7, 0xaf, 0xf3, 0xb3, 0x00, 0x00, 0x00, 0x00, 0x00,
  0x00, 0xf7, 0xaf, 0xf3, 0xb3, 0x00, 0x00, 0x00, 0x00, 0x00, 0x00, 0xf7,
  0xaf, 0xf3, 0xb3, 0x00, 0x00, 0x00, 0x00, 0x00, 0x00, 0xf7, 0xaf, 0xf3,
  0xb3, 0x00, 0x00, 0x00, 0x00, 0x00, 0x00, 0xf7, 0xaf, 0xf3, 0xb3, 0x00,
  0x00, 0x00, 0x00, 0x00, 0x00, 0xf7, 0xaf, 0xf3, 0xb3, 0x00, 0x00, 0x00,
  0x00, 0x00, 0x00, 0xf7, 0xaf, 0xf3, 0xb3, 0x00, 0x00, 0x00, 0x00, 0x00,
  0x00, 0xf7, 0xaf, 0xf3, 0xb3, 0x00, 0x00, 0x00, 0x00, 0x00, 0x00, 0xf7,
  0xaf, 0xf3, 0xb3, 0x00, 0x00, 0x00, 0x00, 0x00, 0x00, 0xf7, 0xaf, 0xf3,
  0xb3, 0x00, 0x00, 0x00, 0x00, 0x00, 0x15, 0xfe, 0xa5, 0xf3, 0xb3, 0x00,
  0x00, 0x00, 0x00, 0x06, 0xac, 0xff, 0x67, 0xf3, 0xe7, 0xab, 0xab, 0xab,
  0xac, 0xdd, 0xff, 0xc8, 0x04, 0xe2, 0xff, 0xff, 0xff, 0xff, 0xff, 0xe9,
  0x96, 0x0c, 0x00, 0xc1, 0xff, 0xff, 0xff, 0xff, 0xff, 0xff, 0xff, 0xfe,
  0x55, 0xf3, 0xe8, 0xaf, 0xaf, 0xaf, 0xaf, 0xaf, 0xaf, 0xae, 0x31, 0xf3,
  0xb3, 0x00, 0x00, 0x00, 0x00, 0x00, 0x00, 0x00, 0x00, 0xf3, 0xb3, 0x00,
  0x00, 0x00, 0x00, 0x00, 0x00, 0x00, 0x00, 0xf3, 0xb3, 0x00, 0x00, 0x00,
  0x00, 0x00, 0x00, 0x00, 0x00, 0xf3, 0xb3, 0x00, 0x00, 0x00, 0x00, 0x00,
  0x00, 0x00, 0x00, 0xf3, 0xb3, 0x00, 0x00, 0x00, 0x00, 0x00, 0x00, 0x00,
  0x00, 0xf3, 0xb3, 0x00, 0x00, 0x00, 0x00, 0x00, 0x00, 0x00, 0x00, 0xf3,
  0xff, 0xff, 0xff, 0xff, 0xff, 0xff, 0xfb, 0x35, 0x00, 0xf3, 0xe8, 0xaf,
  0xaf, 0xaf, 0xaf, 0xaf, 0xab, 0x1e, 0x00, 0xf3, 0xb3, 0x00, 0x00, 0x00,
  0x00, 0x00, 0x00, 0x00, 0x00, 0xf3, 0xb3, 0x00, 0x00, 0x00, 0x00, 0x00,
  0x00, 0x00, 0x00, 0xf3, 0xb3, 0x00, 0x00, 0x00, 0x00, 0x00, 0x00, 0x00,
  0x00, 0xf3, 0xb3, 0x00, 0x00, 0x00, 0x00, 0x00, 0x00, 0x00, 0x00, 0xf3,
  0xb3, 0x00, 0x00, 0x00, 0x00, 0x00, 0x00, 0x00, 0x00, 0xf3, 0xb3, 0x00,
  0x00, 0x00, 0x00, 0x00, 0x00, 0x00, 0x00, 0xf3, 0xe8, 0xaf, 0xaf, 0xaf,
  0xaf, 0xaf, 0xaf, 0xaf, 0x38, 0xc1, 0xff, 0xff, 0xff, 0xff, 0xff, 0xff,
  0xff, 0xff, 0x60, 0xc4, 0xff, 0xff, 0xff, 0xff, 0xff, 0xff, 0xff, 0xfe,
  0x55, 0xf3, 0xe8, 0xaf, 0xaf, 0xaf, 0xaf, 0xaf, 0xaf, 0xae, 0x31, 0xf3,
  0xb3, 0x00, 0x00, 0x00, 0x00, 0x00, 0x00, 0x00, 0x00, 0xf3, 0xb3, 0x00,
  0x00, 0x00, 0x00, 0x00, 0x00, 0x00, 0x00, 0xf3, 0xb3, 0x00, 0x00, 0x00,
  0x00, 0x00, 0x00, 0x00, 0x00, 0xf3, 0xb3, 0x00, 0x00, 0x00, 0x00, 0x00,
  0x00, 0x00, 0x00, 0xf3, 0xb3, 0x00, 0x00, 0x00, 0x00, 0x00, 0x00, 0x00,
  0x00, 0xf3, 0xb3, 0x00, 0x00, 0x00, 0x00, 0x00, 0x00, 0x00, 0x00, 0xf3,
  0xff, 0xff, 0xff, 0xff, 0xff, 0xff, 0xff, 0xf5, 0x1e, 0xf3, 0xe8, 0xaf,
  0xaf, 0xaf, 0xaf, 0xaf, 0xaf, 0xa6, 0x0f, 0xf3, 0xb3, 0x00, 0x00, 0x00,
  0x00, 0x00, 0x00, 0x00, 0x00, 0xf3, 0xb3, 0x00, 0x00, 0x00, 0x00, 0x00,
  0x00, 0x00, 0x00, 0xf3, 0xb3, 0x00, 0x00, 0x00, 0x00, 0x00, 0x00, 0x00,
  0x00, 0xf3, 0xb3, 0x00, 0x00, 0x00, 0x00, 0x00, 0x00, 0x00, 0x00, 0xf3,
  0xb3, 0x00, 0x00, 0x00, 0x00, 0x00, 0x00, 0x00, 0x00, 0xf3, 0xb3, 0x00,
  0x00, 0x00, 0x00, 0x00, 0x00, 0x00, 0x00, 0xf3, 0xb3, 0x00, 0x00, 0x00,
  0x00, 0x00, 0x00, 0x00, 0x00, 0xd5, 0x93, 0x00, 0x00, 0x00, 0x00, 0x00,
  0x00, 0x00, 0x00, 0x00, 0x44, 0xcb, 0xfc, 0xff, 0xff, 0xf5, 0xbe, 0x33,
  0x00, 0x41, 0xfd, 0xfa, 0xbc, 0xaf, 0xaf, 0xc5, 0xff, 0xf3, 0x25, 0xc3,
  0xfb, 0x40, 0x00, 0x00, 0x00, 0x00, 0x5f, 0xff, 0x86, 0xf0, 0xc0, 0x00,
  0x00, 0x00, 0x00, 0x00, 0x03, 0xe0, 0x8e, 0xf3, 0xb3, 0x00, 0x00, 0x00,
  0x00, 0x00, 0x00, 0x00, 0x00, 0xf3, 0xb3, 0x00, 0x00, 0x00, 0x00, 0x00,
  0x00, 0x00, 0x00, 0xf3, 0xb3, 0x00, 0x00, 0x00, 0x00, 0x00, 0x00, 0x00,
  0x00, 0xf3, 0xb3, 0x00, 0x00, 0x00, 0x00, 0x00, 0x00, 0x00, 0x00, 0xf3,
  0xb3, 0x00, 0x00, 0x6f, 0xaf, 0xaf, 0xaf, 0xaf, 0x43, 0xf3, 0xb3, 0x00,
  0x00, 0xb0, 0xff, 0xff, 0xff, 0xff, 0xa6, 0xf3, 0xb3, 0x00, 0x00, 0x00,
  0x00, 0x00, 0x00, 0xfb, 0xa7, 0xf3, 0xb3, 0x00, 0x00, 0x00, 0x00, 0x00,
  0x00, 0xfb, 0xa7, 0xf3, 0xb3, 0x00, 0x00, 0x00, 0x00, 0x00, 0x00, 0xfb,
  0xa7, 0xf3, 0xb3, 0x00, 0x00, 0x00, 0x00, 0x00, 0x00, 0xfb, 0xa7, 0xf0,
  0xc0, 0x00, 0x00, 0x00, 0x00, 0x00, 0x0b, 0xfe, 0xa3, 0xc3, 0xfb, 0x3e,
  0x00, 0x00, 0x00, 0x00, 0x83, 0xff, 0x74, 0x44, 0xfe, 0xf9, 0xb8, 0xab,
  0xab, 0xc9, 0xff, 0xe4, 0x10, 0x00, 0x49, 0xcd, 0xfc, 0xff, 0xff, 0xf4,
  0xb3, 0x20, 0x00, 0xd5, 0x94, 0x00, 0x00, 0x00, 0x00, 0x00, 0x00, 0xd7,
  0x91, 0xf3, 0xb3, 0x00, 0x00, 0x00, 0x00, 0x00, 0x00, 0xf7, 0xaf, 0xf3,
  0xb3, 0x00, 0x00, 0x00, 0x00, 0x00, 0x00, 0xf7, 0xaf, 0xf3, 0xb3, 0x00,
  0x00, 0x00, 0x00, 0x00, 0x00, 0xf7, 0xaf, 0xf3, 0xb3, 0x00, 0x00, 0x00,
  0x00, 0x00, 0x00, 0xf7, 0xaf, 0xf3, 0xb3, 0x00, 0x00, 0x00, 0x00, 0x00,
  0x00, 0xf7, 0xaf, 0xf3, 0xb3, 0x00, 0x00, 0x00, 0x00, 0x00, 0x00, 0xf7,
  0xaf, 0xf3, 0xb3, 0x00, 0x00, 0x00, 0x00, 0x00, 0x00, 0xf7, 0xaf, 0xf3,
  0xe8, 0xaf, 0xaf, 0xaf, 0xaf, 0xaf, 0xaf, 0xfd, 0xaf, 0xf3, 0xff, 0xff,
  0xff, 0xff, 0xff, 0xff, 0xff, 0xff, 0xaf, 0xf3, 0xb3, 0x00, 0x00, 0x00,
  0x00, 0x00, 0x00, 0xf7, 0xaf, 0xf3, 0xb3, 0x00, 0x00, 0x00, 0x00, 0x00,
  0x00, 0xf7, 0xaf, 0xf3, 0xb3, 0x00, 0x00, 0x00, 0x00, 0x00, 0x00, 0xf7,
  0xaf, 0xf3, 0xb3, 0x00, 0x00, 0x00, 0x00, 0x00, 0x00, 0xf7, 0xaf, 0xf3,
  0xb3, 0x00, 0x00, 0x00, 0x00, 0x00, 0x00, 0xf7, 0xaf, 0xf3, 0xb3, 0x00,
  0x00, 0x00, 0x00, 0x00, 0x00, 0xf7, 0xaf, 0xf3, 0xb3, 0x00, 0x00, 0x00,
  0x00, 0x00, 0x00, 0xf7, 0xaf, 0xd5, 0x93, 0x00, 0x00, 0x00, 0x00, 0x00,
  0x00, 0xd7, 0x91, 0xd3, 0xff, 0xff, 0xff, 0xff, 0xff, 0xff, 0xff, 0xf6,
  0x1e, 0x87, 0xaf, 0xaf, 0xbe, 0xff, 0xd5, 0xaf, 0xaf, 0xa6, 0x0e, 0x00,
  0x00, 0x00, 0x2f, 0xff, 0x77, 0x00, 0x00, 0x00, 0x00, 0x00, 0x00, 0x00,
  0x2f, 0xff, 0x77, 0x00, 0x00, 0x00, 0x00, 0x00, 0x00, 0x00, 0x2f, 0xff,
  0x77, 0x00, 0x00, 0x00, 0x00, 0x00, 0x00, 0x00, 0x2f, 0xff, 0x77, 0x00,
  0x00, 0x00, 0x00, 0x00, 0x00, 0x00, 0x2f, 0xff, 0x77, 0x00, 0x00, 0x00,
  0x00, 0x00, 0x00, 0x00, 0x2f, 0xff, 0x77, 0x00, 0x00, 0x00, 0x00, 0x00,
  0x00, 0x00, 0x2f, 0xff, 0x77, 0x00, 0x00, 0x00, 0x00, 0x00, 0x00, 0x00,
  0x2f, 0xff, 0x77, 0x00, 0x00, 0x00, 0x00, 0x00, 0x00, 0x00, 0x2f, 0xff,
  0x77, 0x00, 0x00, 0x00, 0x00, 0x00, 0x00, 0x00, 0x2f, 0xff, 0x77, 0x00,
  0x00, 0x00, 0x00, 0x00, 0x00, 0x00, 0x2f, 0xff, 0x77, 0x00, 0x00, 0x00,
  0x00, 0x00, 0x00, 0x00, 0x2f, 0xff, 0x77, 0x00, 0x00, 0x00, 0x00, 0x00,
  0x00, 0x00, 0x2f, 0xff, 0x77, 0x00, 0x00, 0x00, 0x00, 0x00, 0x00, 0x00,
  0x2f, 0xff, 0x77, 0x00, 0x00, 0x00, 0x00, 0x78, 0xa3, 0xa3, 0xb5, 0xff,
  0xcf, 0xa3, 0xa3, 0x9b, 0x11, 0xcb, 0xff, 0xff, 0xff, 0xff, 0xff, 0xff,
  0xff, 0xf8, 0x27, 0x00, 0x00, 0x00, 0x00, 0x00, 0x00, 0x00, 0x0e, 0xec,
  0x6d, 0x00, 0x00, 0x00, 0x00, 0x00, 0x00, 0x00, 0x1b, 0xff, 0x8b, 0x00,
  0x00, 0x00, 0x00, 0x00, 0x00, 0x00, 0x1b, 0xff, 0x8b, 0x00, 0x00, 0x00,
  0x00, 0x00, 0x00, 0x00, 0x1b, 0xff, 0x8b, 0x00, 0x00, 0x00, 0x00, 0x00,
  0x00, 0x00, 0x1b, 0xff, 0x8b, 0x00, 0x00, 0x00, 0x00, 0x00, 0x00, 0x00,
  0x1b, 0xff, 0x8b, 0x00, 0x00, 0x00, 0x00, 0x00, 0x00, 0x00, 0x1b, 0xff,
  0x8b, 0x00, 0x00, 0x00, 0x00, 0x00, 0x00, 0x00, 0x1b, 0xff, 0x8b, 0x00,
  0x00, 0x00, 0x00, 0x00, 0x00, 0x00, 0x1b, 0xff, 0x8b, 0x00, 0x00, 0x00,
  0x00, 0x00, 0x00, 0x00, 0x1b, 0xff, 0x8b, 0x00, 0x00, 0x00, 0x00, 0x00,
  0x00, 0x00, 0x1b, 0xff, 0x8b, 0x00, 0x00, 0x00, 0x00, 0x00, 0x00, 0x00,
  0x1b, 0xff, 0x8b, 0x00, 0x00, 0x00, 0x00, 0x00, 0x00, 0x00, 0x1b, 0xff,
  0x8b, 0x02, 0x00, 0x00, 0x00, 0x00, 0x00, 0x00, 0x1b, 0xff, 0x8b, 0xda,
  0x9f, 0x00, 0x00, 0x00, 0x00, 0x00, 0x27, 0xff, 0x88, 0xd1, 0xf0, 0x26,
  0x00, 0x00, 0x00, 0x00, 0x95, 0xff, 0x5e, 0x63, 0xff, 0xfd, 0xc0, 0xaf,
  0xaf, 0xcd, 0xff, 0xdf, 0x0a, 0x00, 0x5f, 0xd5, 0xfc, 0xff, 0xff, 0xf5,
  0xb5, 0x1f, 0x00, 0xd4, 0x95, 0x00, 0x00, 0x00, 0x00, 0x00, 0x0f, 0xca,
  0x75, 0xf3, 0xb3, 0x00, 0x00, 0x00, 0x00, 0x05, 0xbd, 0xff, 0x65, 0xf3,
  0xb3, 0x00, 0x00, 0x00, 0x00, 0xa2, 0xff, 0x8a, 0x00, 0xf3, 0xb3, 0x00,
  0x00, 0x00, 0x84, 0xff, 0xaa, 0x01, 0x00, 0xf3, 0xb3, 0x00, 0x00, 0x64,
  0xff, 0xc4, 0x08, 0x00, 0x00, 0xf3, 0xb3, 0x00, 0x49, 0xfb, 0xda, 0x13,
  0x00, 0x00, 0x00, 0xf3, 0xb3, 0x31, 0xf3, 0xea, 0x23, 0x00, 0x00, 0x00,
  0x00, 0xf3, 0xcf, 0xe6, 0xf6, 0x38, 0x00, 0x00, 0x00, 0x00, 0x00, 0xf3,
  0xff, 0xfd, 0x52, 0x00, 0x00, 0x00, 0x00, 0x00, 0x00, 0xf3, 0xff, 0xfe,
  0x56, 0x00, 0x00, 0x00, 0x00, 0x00, 0x00, 0xf3, 0xcf, 0xe4, 0xf7, 0x3b,
  0x00, 0x00, 0x00, 0x00, 0x00, 0xf3, 0xb3, 0x30, 0xf3, 0xeb, 0x24, 0x00,
  0x00, 0x00, 0x00, 0xf3, 0xb3, 0x00, 0x4b, 0xfc, 0xda, 0x13, 0x00, 0x00,
  0x00, 0xf3, 0xb3, 0x00, 0x00, 0x6a, 0xff, 0xc3, 0x07, 0x00, 0x00, 0xf3,
  0xb3, 0x00, 0x00, 0x00, 0x8e, 0xff, 0xa6, 0x01, 0x00, 0xf3, 0xb3, 0x00,
  0x00, 0x00, 0x02, 0xaf, 0xff, 0x85, 0x00, 0xf3, 0xb3, 0x00, 0x00, 0x00,
  0x00, 0x0a, 0xcb, 0xff, 0x5d, 0xd4, 0x95, 0x00, 0x00, 0x00, 0x00, 0x00,
  0x18, 0xd6, 0x67, 0xd5, 0x94, 0x00, 0x00, 0x00, 0x00, 0x00, 0x00, 0x00,
  0x00, 0xf3, 0xb3, 0x00, 0x00, 0x00, 0x00, 0x00, 0x00, 0x00, 0x00, 0xf3,
  0xb3, 0x00, 0x00, 0x00, 0x00, 0x00, 0x00, 0x00, 0x00, 0xf3, 0xb3, 0x00,
  0x00, 0x00, 0x00, 0x00, 0x00, 0x00, 0x00, 0xf3, 0xb3, 0x00, 0x00, 0x00,
  0x00, 0x00, 0x00, 0x00, 0x00, 0xf3, 0xb3, 0x00, 0x00, 0x00, 0x00, 0x00,
  0x00, 0x00, 0x00, 0xf3, 0xb3, 0x00, 0x00, 0x00, 0x00, 0x00, 0x00, 0x00,
  0x00, 0xf3, 0xb3, 0x00, 0x00, 0x00, 0x00, 0x00, 0x00, 0x00, 0x00, 0xf3,
  0xb3, 0x00, 0x00, 0x00, 0x00, 0x00, 0x00, 0x00, 0x00, 0xf3, 0xb3, 0x00,
  0x00, 0x00, 0x00, 0x00, 0x00, 0x00, 0x00, 0xf3, 0xb3, 0x00, 0x00, 0x00,
  0x00, 0x00, 0x00, 0x00, 0x00, 0xf3, 0xb3, 0x00, 0x00, 0x00, 0x00, 0x00,
  0x00, 0x00, 0x00, 0xf3, 0xb3, 0x00, 0x00, 0x00, 0x00, 0x00, 0x00, 0x00,
  0x00, 0xf3, 0xb3, 0x00, 0x00, 0x00, 0x00, 0x00, 0x00, 0x00, 0x00, 0xf3,
  0xb3, 0x00, 0x00, 0x00, 0x00, 0x00, 0x00, 0x00, 0x00, 0xf3, 0xb3, 0x00,
  0x00, 0x00, 0x00, 0x00, 0x00, 0x00, 0x00, 0xf3, 0xe8, 0xaf, 0xaf, 0xaf,
  0xaf, 0xaf, 0xaf, 0xa8, 0x14, 0xc1, 0xff, 0xff, 0xff, 0xff, 0xff, 0xff,
  0xff, 0xf9, 0x28, 0xd5, 0x95, 0x00, 0x00, 0x00, 0x00, 0x00, 0x00, 0x00,
  0x00, 0x50, 0xf4, 0x26, 0xf3, 0xf6, 0x12, 0x00, 0x00, 0x00, 0x00, 0x00,
  0x00, 0x00, 0xc0, 0xff, 0x3b, 0xf3, 0xff, 0x74, 0x00, 0x00, 0x00, 0x00,
  0x00, 0x00, 0x2b, 0xff, 0xff, 0x3b, 0xf3, 0xff, 0xdd, 0x02, 0x00, 0x00,
  0x00, 0x00, 0x00, 0x96, 0xff, 0xff, 0x3b, 0xf3, 0xff, 0xff, 0x4b, 0x00,
  0x00, 0x00, 0x00, 0x0d, 0xf3, 0xff, 0xff, 0x3b, 0xf3, 0xc9, 0xfc, 0xb6,
  0x00, 0x00, 0x00, 0x00, 0x6b, 0xff, 0xc5, 0xff, 0x3b, 0xf3, 0xab, 0xae,
  0xfe, 0x24, 0x00, 0x00, 0x00, 0xd5, 0xeb, 0x6f, 0xff, 0x3b, 0xf3, 0xab,
  0x43, 0xff, 0x8d, 0x00, 0x00, 0x41, 0xff, 0x88, 0x67, 0xff, 0x3b, 0xf3,
  0xab, 0x00, 0xd7, 0xee, 0x0a, 0x00, 0xac, 0xfd, 0x21, 0x67, 0xff, 0x3b,
  0xf3, 0xab, 0x00, 0x6d, 0xff, 0x64, 0x1a, 0xfb, 0xb4, 0x00, 0x67, 0xff,
  0x3b, 0xf3, 0xab, 0x00, 0x0e, 0xf3, 0xcf, 0x81, 0xff, 0x4a, 0x00, 0x67,
  0xff, 0x3b, 0xf3, 0xab, 0x00, 0x00, 0x97, 0xff, 0xf5, 0xde, 0x02, 0x00,
  0x67, 0xff, 0x3b, 0xf3, 0xab, 0x00, 0x00, 0x2c, 0xff, 0xff, 0x75, 0x00,
  0x00, 0x67, 0xff, 0x3b, 0xf3, 0xab, 0x00, 0x00, 0x00, 0xbd, 0xf5, 0x14,
  0x00, 0x00, 0x67, 0xff, 0x3b, 0xf3, 0xab, 0x00, 0x00, 0x00, 0x05, 0x0d,
  0x00, 0x00, 0x00, 0x67, 0xff, 0x3b, 0xf3, 0xab, 0x00, 0x00, 0x00, 0x00,
  0x00, 0x00, 0x00, 0x00, 0x67, 0xff, 0x3b, 0xf3, 0xab, 0x00, 0x00, 0x00,
  0x00, 0x00, 0x00, 0x00, 0x00, 0x67, 0xff, 0x3b, 0xd5, 0x8d, 0x00, 0x00,
  0x00, 0x00, 0x00, 0x00, 0x00, 0x00, 0x4d, 0xf2, 0x26, 0xd4, 0x8f, 0x00,
  0x00, 0x00, 0x00, 0x00, 0x00, 0xd7, 0x91, 0xf3, 0xfb, 0x23, 0x00, 0x00,
  0x00, 0x00, 0x00, 0xf7, 0xaf, 0xf3, 0xff, 0x9e, 0x00, 0x00, 0x00, 0x00,
  0x00, 0xf7, 0xaf, 0xf3, 0xff, 0xfb, 0x22, 0x00, 0x00, 0x00, 0x00, 0xf7,
  0xaf, 0xf3, 0xf8, 0xff, 0x9d, 0x00, 0x00, 0x00, 0x00, 0xf7, 0xaf, 0xf3,
  0xb8, 0xdc, 0xfb, 0x22, 0x00, 0x00, 0x00, 0xf7, 0xaf, 0xf3, 0xb3, 0x61,
  0xff, 0x9d, 0x00, 0x00, 0x00, 0xf7, 0xaf, 0xf3, 0xb3, 0x04, 0xdd, 0xfb,
  0x21, 0x00, 0x00, 0xf7, 0xaf, 0xf3, 0xb3, 0x00, 0x62, 0xff, 0x9c, 0x00,
  0x00, 0xf7, 0xaf, 0xf3, 0xb3, 0x00, 0x04, 0xde, 0xfb, 0x21, 0x00, 0xf7,
  0xaf, 0xf3, 0xb3, 0x00, 0x00, 0x63, 0xff, 0x9c, 0x00, 0xf7, 0xaf, 0xf3,
  0xb3, 0x00, 0x00, 0x05, 0xdf, 0xfb, 0x21, 0xf7, 0xaf, 0xf3, 0xb3, 0x00,
  0x00, 0x00, 0x65, 0xff, 0x9b, 0xf7, 0xaf, 0xf3, 0xb3, 0x00, 0x00, 0x00,
  0x05, 0xe0, 0xfa, 0xfd, 0xaf, 0xf3, 0xb3, 0x00, 0x00, 0x00, 0x00, 0x66,
  0xff, 0xff, 0xaf, 0xf3, 0xb3, 0x00, 0x00, 0x00, 0x00, 0x05, 0xe1, 0xff,
  0xaf, 0xf3, 0xb3, 0x00, 0x00, 0x00, 0x00, 0x00, 0x67, 0xff, 0xaf, 0xd5,
  0x94, 0x00, 0x00, 0x00, 0x00, 0x00, 0x06, 0xd0, 0x91, 0x02, 0x7d, 0xdf,
  0xff, 0xff, 0xff, 0xff, 0xf8, 0xbb, 0x24, 0x00, 0x6f, 0xff, 0xea, 0xb3,
  0xaf, 0xaf, 0xaf, 0xc4, 0xff, 0xe3, 0x0b, 0xd0, 0xf9, 0x18, 0x00, 0x00,
  0x00, 0x00, 0x00, 0x84, 0xff, 0x60, 0xf1, 0xbb, 0x00, 0x00, 0x00, 0x00,
  0x00, 0x00, 0x1e, 0xff, 0x88, 0xf3, 0xab, 0x00, 0x00, 0x00, 0x00, 0x00,
  0x00, 0x13, 0xff, 0x8b, 0xf3, 0xab, 0x00, 0x00, 0x00, 0x00, 0x00, 0x00,
  0x13, 0xff, 0x8b, 0xf3, 0xab, 0x00, 0x00, 0x00, 0x00, 0x00, 0x00, 0x13,
  0xff, 0x8b, 0xf3, 0xab, 0x00, 0x00, 0x00, 0x00, 0x00, 0x00, 0x13, 0xff,
  0x8b, 0xf3, 0xab, 0x00, 0x00, 0x00, 0x00, 0x00, 0x00, 0x13, 0xff, 0x8b,
  0xf3, 0xab, 0x00, 0x00, 0x00, 0x00, 0x00, 0x00, 0x13, 0xff, 0x8b, 0xf3,
  0xab, 0x00, 0x00, 0x00, 0x00, 0x00, 0x00, 0x13, 0xff, 0x8b, 0xf3, 0xab,
  0x00, 0x00, 0x00, 0x00, 0x00, 0x00, 0x13, 0xff, 0x8b, 0xf3, 0xab, 0x00,
  0x00, 0x00, 0x00, 0x00, 0x00, 0x13, 0xff, 0x8b, 0xf3, 0xab, 0x00, 0x00,
  0x00, 0x00, 0x00, 0x00, 0x13, 0xff, 0x8b, 0xf0, 0xbe, 0x00, 0x00, 0x00,
  0x00, 0x00, 0x00, 0x1e, 0xff, 0x88, 0xca, 0xfc, 0x23, 0x00, 0x00, 0x00,
  0x00, 0x00, 0x84, 0xff, 0x60, 0x5a, 0xff, 0xee, 0xb3, 0xaf, 0xaf, 0xaf,
  0xc4, 0xff, 0xe4, 0x0c, 0x00, 0x68, 0xdc, 0xff, 0xff, 0xff, 0xff, 0xf8,
  0xbd, 0x25, 0x00, 0x25, 0xc1, 0xf7, 0xff, 0xff, 0xff, 0xf4, 0xb4, 0x23,
  0x00, 0xb9, 0xff, 0xcd, 0xaf, 0xaf, 0xaf, 0xcc, 0xff, 0xe9, 0x15, 0xec,
  0xcf, 0x00, 0x00, 0x00, 0x00, 0x00, 0x7e, 0xff, 0x7e, 0xf3, 0xb3, 0x00,
  0x00, 0x00, 0x00, 0x00, 0x07, 0xfc, 0xac, 0xf3, 0xb3, 0x00, 0x00, 0x00,
  0x00, 0x00, 0x00, 0xf7, 0xaf, 0xf3, 0xb3, 0x00, 0x00, 0x00, 0x00, 0x00,
  0x00, 0xf7, 0xaf, 0xf3, 0xb3, 0x00, 0x00, 0x00, 0x00, 0x00, 0x00, 0xf7,
  0xaf, 0xf3, 0xbc, 0x00, 0x00, 0x00, 0x00, 0x00, 0x18, 0xfe, 0xa3, 0xf3,
  0xf8, 0x3b, 0x00, 0x00, 0x00, 0x1b, 0xbc, 0xff, 0x63, 0xf3, 0xff, 0xff,
  0xff, 0xff, 0xff, 0xff, 0xff, 0xb9, 0x02, 0xf3, 0xe8, 0xaf, 0xaf, 0xaf,
  0xaf, 0xa5, 0x66, 0x03, 0x00, 0xf3, 0xb3, 0x00, 0x00, 0x00, 0x00, 0x00,
  0x00, 0x00, 0x00, 0xf3, 0xb3, 0x00, 0x00, 0x00, 0x00, 0x00, 0x00, 0x00,
  0x00, 0xf3, 0xb3, 0x00, 0x00, 0x00, 0x00, 0x00, 0x00, 0x00, 0x00, 0xf3,
  0xb3, 0x00, 0x00, 0x00, 0x00, 0x00, 0x00, 0x00, 0x00, 0xf3, 0xb3, 0x00,
  0x00, 0x00, 0x00, 0x00, 0x00, 0x00, 0x00, 0xf3, 0xb3, 0x00, 0x00, 0x00,
  0x00, 0x00, 0x00, 0x00, 0x00, 0xd5, 0x93, 0x00, 0x00, 0x00, 0x00, 0x00,
  0x00, 0x00, 0x00, 0x02, 0x7d, 0xdf, 0xff, 0xff, 0xff, 0xff, 0xef, 0x9f,
  0x0d, 0x00, 0x6f, 0xff, 0xea, 0xb3, 0xaf, 0xaf, 0xaf, 0xd7, 0xff, 0xb3,
  0x00, 0xd0, 0xf9, 0x18, 0x00, 0x00, 0x00, 0x00, 0x04, 0xbb, 0xff, 0x24,
  0xf1, 0xbb, 0x00, 0x00, 0x00, 0x00, 0x00, 0x00, 0x5a, 0xff, 0x4c, 0xf3,
  0xab, 0x00, 0x00, 0x00, 0x00, 0x00, 0x00, 0x4f, 0xff, 0x4f, 0xf3, 0xab,
  0x00, 0x00, 0x00, 0x00, 0x00, 0x00, 0x4f, 0xff, 0x4f, 0xf3, 0xab, 0x00,
  0x00, 0x00, 0x00, 0x00, 0x00, 0x4f, 0xff, 0x4f, 0xf3, 0xab, 0x00, 0x00,
  0x00, 0x00, 0x00, 0x00, 0x4f, 0xff, 0x4f, 0xf3, 0xab, 0x00, 0x00, 0x00,
  0x00, 0x00, 0x00, 0x4f, 0xff, 0x4f, 0xf3, 0xab, 0x00, 0x00, 0x00, 0x00,
  0x00, 0x00, 0x4f, 0xff, 0x4f, 0xf3, 0xab, 0x00, 0x00, 0x00, 0x00, 0x00,
  0x00, 0x4f, 0xff, 0x4f, 0xf3, 0xab, 0x00, 0x00, 0x00, 0x00, 0x00, 0x00,
  0x4f, 0xff, 0x4f, 0xf3, 0xab, 0x00, 0x00, 0x00, 0x00, 0x00, 0x00, 0x4f,
  0xff, 0x4f, 0xf3, 0xab, 0x00, 0x00, 0x00, 0x4f, 0x95, 0x04, 0x4f, 0xff,
  0x4f, 0xf0, 0xbe, 0x00, 0x00, 0x00, 0x8b, 0xff, 0xa6, 0x61, 0xff, 0x4c,
  0xca, 0xfc, 0x23, 0x00, 0x00, 0x03, 0xab, 0xff, 0xf3, 0xff, 0x27, 0x5a,
  0xff, 0xee, 0xb3, 0xaf, 0xaf, 0xb5, 0xfe, 0xff, 0xdf, 0x01, 0x00, 0x68,
  0xdc, 0xff, 0xff, 0xff, 0xff, 0xef, 0xd6, 0xff, 0x5f, 0x00, 0x00, 0x00,
  0x00, 0x00, 0x00, 0x00, 0x00, 0x04, 0x62, 0x0f, 0x29, 0xc4, 0xf8, 0xff,
  0xff, 0xff, 0xf4, 0xb4, 0x23, 0x00, 0xbc, 0xff, 0xcd, 0xaf, 0xaf, 0xaf,
  0xcc, 0xff, 0xe9, 0x15, 0xec, 0xcf, 0x00, 0x00, 0x00, 0x00, 0x00, 0x7e,
  0xff, 0x7e, 0xf3, 0xb3, 0x00, 0x00, 0x00, 0x00, 0x00, 0x07, 0xfc, 0xac,
  0xf3, 0xb3, 0x00, 0x00, 0x00, 0x00, 0x00, 0x00, 0xf7, 0xaf, 0xf3, 0xb3,
  0x00, 0x00, 0x00, 0x00, 0x00, 0x00, 0xf7, 0xaf, 0xf3, 0xb3, 0x00, 0x00,
  0x00, 0x00, 0x00, 0x00, 0xf7, 0xaf, 0xf3, 0xbc, 0x00, 0x00, 0x00, 0x00,
  0x00, 0x18, 0xfe, 0xaa, 0xf3, 0xf8, 0x3b, 0x00, 0x00, 0x00, 0x1b, 0xbc,
  0xff, 0x76, 0xf3, 0xff, 0xff, 0xff, 0xff, 0xff, 0xff, 0xff, 0xce, 0x0a,
  0xf3, 0xe5, 0xa7, 0xb1, 0xff, 0xf3, 0x9e, 0x68, 0x06, 0x00, 0xf3, 0xb3,
  0x00, 0x00, 0xb2, 0xff, 0x45, 0x00, 0x00, 0x00, 0xf3, 0xb3, 0x00, 0x00,
  0x1e, 0xf4, 0xdc, 0x08, 0x00, 0x00, 0xf3, 0xb3, 0x00, 0x00, 0x00, 0x74,
  0xff, 0x83, 0x00, 0x00, 0xf3, 0xb3, 0x00, 0x00, 0x00, 0x04, 0xd1, 0xf9,
  0x28, 0x00, 0xf3, 0xb3, 0x00, 0x00, 0x00, 0x00, 0x39, 0xfe, 0xc0, 0x00,
  0xf3, 0xb3, 0x00, 0x00, 0x00, 0x00, 0x00, 0x98, 0xff, 0x5f, 0xd5, 0x93,
  0x00, 0x00, 0x00, 0x00, 0x00, 0x10, 0xd7, 0x59, 0x00, 0x47, 0xcb, 0xfc,
  0xff, 0xff, 0xf5, 0xbf, 0x35, 0x00, 0x45, 0xfe, 0xfa, 0xbc, 0xaf, 0xaf,
  0xc5, 0xff, 0xf4, 0x29, 0xc5, 0xfa, 0x3d, 0x00, 0x00, 0x00, 0x00, 0x5b,
  0xff, 0x8e, 0xf1, 0xbe, 0x00, 0x00, 0x00, 0x00, 0x00, 0x01, 0xd6, 0x8f,
  0xf3, 0xb3, 0x00, 0x00, 0x00, 0x00, 0x00, 0x00, 0x00, 0x00, 0xf3, 0xb3,
  0x00, 0x00, 0x00, 0x00, 0x00, 0x00, 0x00, 0x00, 0xe8, 0xd0, 0x00, 0x00,
  0x00, 0x00, 0x00, 0x00, 0x00, 0x00, 0xaa, 0xff, 0x85, 0x0b, 0x00, 0x00,
  0x00, 0x00, 0x00, 0x00, 0x1e, 0xe6, 0xff, 0xff, 0xff, 0xff, 0xf4, 0xb2,
  0x20, 0x00, 0x00, 0x14, 0x7e, 0xac, 0xaf, 0xaf, 0xcc, 0xff, 0xe5, 0x11,
  0x00, 0x00, 0x00, 0x00, 0x00, 0x00, 0x00, 0x84, 0xff, 0x7a, 0x00, 0x00,
  0x00, 0x00, 0x00, 0x00, 0x00, 0x09, 0xfc, 0xaa, 0x00, 0x00, 0x00, 0x00,
  0x00, 0x00, 0x00, 0x00, 0xf7, 0xaf, 0x0c, 0x05, 0x00, 0x00, 0x00, 0x00,
  0x00, 0x00, 0xf7, 0xaf, 0xe5, 0xab, 0x00, 0x00, 0x00, 0x00, 0x00, 0x09,
  0xfc, 0xaa, 0xcd, 0xf4, 0x2a, 0x00, 0x00, 0x00, 0x00, 0x82, 0xff, 0x7a,
  0x5c, 0xff, 0xf5, 0xb5, 0xab, 0xab, 0xc9, 0xff, 0xe6, 0x11, 0x00, 0x5b,
  0xd3, 0xfc, 0xff, 0xff, 0xf4, 0xb4, 0x20, 0x00, 0xd6, 0xff, 0xff, 0xff,
  0xff, 0xff, 0xff, 0xff, 0xff, 0xf4, 0x17, 0x8a, 0xaf, 0xaf, 0xaf, 0xe6,
  0xfd, 0xaf, 0xaf, 0xaf, 0xa4, 0x0a, 0x00, 0x00, 0x00, 0x00, 0xaf, 0xf7,
  0x00, 0x00, 0x00, 0x00, 0x00, 0x00, 0x00, 0x00, 0x00, 0xaf, 0xf7, 0x00,
  0x00, 0x00, 0x00, 0x00, 0x00, 0x00, 0x00, 0x00, 0xaf, 0xf7, 0x00, 0x00,
  0x00, 0x00, 0x00, 0x00, 0x00, 0x00, 0x00, 0xaf, 0xf7, 0x00, 0x00, 0x00,
  0x00, 0x00, 0x00, 0x00, 0x00, 0x00, 0xaf, 0xf7, 0x00, 0x00, 0x00, 0x00,
  0x00, 0x00, 0x00, 0x00, 0x00, 0xaf, 0xf7, 0x00, 0x00, 0x00, 0x00, 0x00,
  0x00, 0x00, 0x00, 0x00, 0xaf, 0xf7, 0x00, 0x00, 0x00, 0x00, 0x00, 0x00,
  0x00, 0x00, 0x00, 0xaf, 0xf7, 0x00, 0x00, 0x00, 0x00, 0x00, 0x00, 0x00,
  0x00, 0x00, 0xaf, 0xf7, 0x00, 0x00, 0x00, 0x00, 0x00, 0x00, 0x00, 0x00,
  0x00, 0xaf, 0xf7, 0x00, 0x00, 0x00, 0x00, 0x00, 0x00, 0x00, 0x00, 0x00,
  0xaf, 0xf7, 0x00, 0x00, 0x00, 0x00, 0x00, 0x00, 0x00, 0x00, 0x00, 0xaf,
  0xf7, 0x00, 0x00, 0x00, 0x00, 0x00, 0x00, 0x00, 0x00, 0x00, 0xaf, 0xf7,
  0x00, 0x00, 0x00, 0x00, 0x00, 0x00, 0x00, 0x00, 0x00, 0xaf, 0xf7, 0x00,
  0x00, 0x00, 0x00, 0x00, 0x00, 0x00, 0x00, 0x00, 0xaf, 0xf7, 0x00, 0x00,
  0x00, 0x00, 0x00, 0x00, 0x00, 0x00, 0x00, 0x90, 0xd8, 0x00, 0x00, 0x00,
  0x00, 0x00, 0xd5, 0x94, 0x00, 0x00, 0x00, 0x00, 0x00, 0x00, 0xd7, 0x91,
  0xf3, 0xb3, 0x00, 0x00, 0x00, 0x00, 0x00, 0x00, 0xf7, 0xaf, 0xf3, 0xb3,
  0x00, 0x00, 0x00, 0x00, 0x00, 0x00, 0xf7, 0xaf, 0xf3, 0xb3, 0x00, 0x00,
  0x00, 0x00, 0x00, 0x00, 0xf7, 0xaf, 0xf3, 0xb3, 0x00, 0x00, 0x00, 0x00,
  0x00, 0x00, 0xf7, 0xaf, 0xf3, 0xb3, 0x00, 0x00, 0x00, 0x00, 0x00, 0x00,
  0xf7, 0xaf, 0xf3, 0xb3, 0x00, 0x00, 0x00, 0x00, 0x00, 0x00, 0xf7, 0xaf,
  0xf3, 0xb3, 0x00, 0x00, 0x00, 0x00, 0x00, 0x00, 0xf7, 0xaf, 0xf3, 0xb3,
  0x00, 0x00, 0x00, 0x00, 0x00, 0x00, 0xf7, 0xaf, 0xf3, 0xb3, 0x00, 0x00,
  0x00, 0x00, 0x00, 0x00, 0xf7, 0xaf, 0xf3, 0xb3, 0x00, 0x00, 0x00, 0x00,
  0x00, 0x00, 0xf7, 0xaf, 0xf3, 0xb3, 0x00, 0x00, 0x00, 0x00, 0x00, 0x00,
  0xf7, 0xaf, 0xf3, 0xb3, 0x00, 0x00, 0x00, 0x00, 0x00, 0x00, 0xf7, 0xaf,
  0xf3, 0xb3, 0x00, 0x00, 0x00, 0x00, 0x00, 0x00, 0xf7, 0xaf, 0xf0, 0xc0,
  0x00, 0x00, 0x00, 0x00, 0x00, 0x08, 0xfc, 0xab, 0xc2, 0xfa, 0x3b, 0x00,
  0x00, 0x00, 0x00, 0x80, 0xff, 0x7d, 0x42, 0xfe, 0xf9, 0xbb, 0xaf, 0xaf,
  0xcc, 0xff, 0xe8, 0x14, 0x00, 0x47, 0xcc, 0xfc, 0xff, 0xff, 0xf4, 0xb5,
  0x22, 0x00, 0xbd, 0x90, 0x00, 0x00, 0x00, 0x00, 0x00, 0x00, 0x4f, 0xe6,
  0x20, 0xc7, 0xed, 0x01, 0x00, 0x00, 0x00, 0x00, 0x00, 0xa5, 0xfe, 0x13,
  0x85, 0xff, 0x2e, 0x00, 0x00, 0x00, 0x00, 0x00, 0xe4, 0xcf, 0x00, 0x43,
  0xff, 0x6e, 0x00, 0x00, 0x00, 0x00, 0x24, 0xff, 0x8d, 0x00, 0x09, 0xf8,
  0xae, 0x00, 0x00, 0x00, 0x00, 0x63, 0xff, 0x4c, 0x00, 0x00, 0xc0, 0xed,
  0x01, 0x00, 0x00, 0x00, 0xa3, 0xfc, 0x0e, 0x00, 0x00, 0x7e, 0xff, 0x2d,
  0x00, 0x00, 0x00, 0xe2, 0xc8, 0x00, 0x00, 0x00, 0x3d, 0xff, 0x6d, 0x00,
  0x00, 0x21, 0xff, 0x87, 0x00, 0x00, 0x00, 0x06, 0xf5, 0xad, 0x00, 0x00,
  0x61, 0xff, 0x45, 0x00, 0x00, 0x00, 0x00, 0xb9, 0xec, 0x01, 0x00, 0xa0,
  0xf9, 0x0a, 0x00, 0x00, 0x00, 0x00, 0x78, 0xff, 0x2c, 0x00, 0xdf, 0xc2,
  0x00, 0x00, 0x00, 0x00, 0x00, 0x36, 0xff, 0x6c, 0x1f, 0xff, 0x80, 0x00,
  0x00, 0x00, 0x00, 0x00, 0x03, 0xf1, 0xac, 0x5e, 0xff, 0x3e, 0x00, 0x00,
  0x00, 0x00, 0x00, 0x00, 0xb3, 0xeb, 0x9f, 0xf6, 0x07, 0x00, 0x00, 0x00,
  0x00, 0x00, 0x00, 0x71, 0xff, 0xf4, 0xbb, 0x00, 0x00, 0x00, 0x00, 0x00,
  0x00, 0x00, 0x2f, 0xff, 0xff, 0x79, 0x00, 0x00, 0x00, 0x00, 0x00, 0x00,
  0x00, 0x01, 0xec, 0xff, 0x38, 0x00, 0x00, 0x00, 0x00, 0x00, 0x00, 0x00,
  0x00, 0x9d, 0xe2, 0x04, 0x00, 0x00, 0x00, 0x00, 0xc3, 0x95, 0x00, 0x00,
  0x00, 0x00, 0x00, 0x00, 0x00, 0x00, 0x46, 0xed, 0x29, 0xd7, 0xd0, 0x00,
  0x00, 0x00, 0x00, 0x00, 0x00, 0x00, 0x00, 0x80, 0xff, 0x2a, 0xb1, 0xf6,
  0x01, 0x00, 0x00, 0x00, 0x00, 0x00, 0x00, 0x00, 0xa6, 0xfd, 0x07, 0x8b,
  0xff, 0x1d, 0x00, 0x00, 0x00, 0x00, 0x00, 0x00, 0x00, 0xcc, 0xdd, 0x00,
  0x64, 0xff, 0x44, 0x00, 0x00, 0x00, 0x00, 0x00, 0x00, 0x00, 0xf2, 0xb6,
  0x00, 0x3e, 0xff, 0x6a, 0x00, 0x00, 0x6c, 0xab, 0x01, 0x00, 0x19, 0xff,
  0x8f, 0x00, 0x17, 0xff, 0x90, 0x00, 0x00, 0xd5, 0xff, 0x28, 0x00, 0x3f,
  0xff, 0x68, 0x00, 0x00, 0xf0, 0xb7, 0x00, 0x11, 0xfe, 0xff, 0x63, 0x00,
  0x65, 0xff, 0x41, 0x00, 0x00, 0xca, 0xdd, 0x00, 0x4b, 0xff, 0xfa, 0x9e,
  0x00, 0x8b, 0xff, 0x1a, 0x00, 0x00, 0xa4, 0xfd, 0x07, 0x86, 0xf4, 0xad,
  0xd9, 0x00, 0xb1, 0xf3, 0x00, 0x00, 0x00, 0x7d, 0xff, 0x2a, 0xc1, 0xbc,
  0x6e, 0xff, 0x15, 0xd8, 0xcc, 0x00, 0x00, 0x00, 0x57, 0xff, 0x56, 0xf6,
  0x81, 0x33, 0xff, 0x53, 0xfa, 0xa5, 0x00, 0x00, 0x00, 0x31, 0xff, 0xae,
  0xff, 0x46, 0x04, 0xf4, 0xaf, 0xff, 0x7e, 0x00, 0x00, 0x00, 0x0b, 0xff,
  0xfa, 0xfd, 0x0e, 0x00, 0xbe, 0xfa, 0xff, 0x57, 0x00, 0x00, 0x00, 0x00,
  0xe4, 0xff, 0xcf, 0x00, 0x00, 0x83, 0xff, 0xff, 0x30, 0x00, 0x00, 0x00,
  0x00, 0xbd, 0xff, 0x94, 0x00, 0x00, 0x48, 0xff, 0xfe, 0x0b, 0x00, 0x00,
  0x00, 0x00, 0x97, 0xff, 0x59, 0x00, 0x00, 0x0f, 0xfd, 0xe2, 0x00, 0x00,
  0x00, 0x00, 0x00, 0x5e, 0xf2, 0x1b, 0x00, 0x00, 0x00, 0xc2, 0xa8, 0x00,
  0x00, 0x00, 0xb0, 0x98, 0x00, 0x00, 0x00, 0x00, 0x00, 0x03, 0xcd, 0x7f,
  0xaf, 0xfc, 0x22, 0x00, 0x00, 0x00, 0x00, 0x5a, 0xff, 0x76, 0x33, 0xff,
  0x97, 0x00, 0x00, 0x00, 0x00, 0xd2, 0xed, 0x0c, 0x00, 0xb6, 0xf8, 0x18,
  0x00, 0x00, 0x4b, 0xff, 0x7c, 0x00, 0x00, 0x39, 0xff, 0x89, 0x00, 0x00,
  0xc3, 0xef, 0x0f, 0x00, 0x00, 0x00, 0xbc, 0xf2, 0x10, 0x3c, 0xff, 0x81,
  0x00, 0x00, 0x00, 0x00, 0x40, 0xff, 0x7b, 0xb4, 0xf2, 0x12, 0x00, 0x00,
  0x00, 0x00, 0x00, 0xc3, 0xf1, 0xff, 0x87, 0x00, 0x00, 0x00, 0x00, 0x00,
  0x00, 0x46, 0xff, 0xf5, 0x15, 0x00, 0x00, 0x00, 0x00, 0x00, 0x00, 0x46,
  0xff, 0xf5, 0x15, 0x00, 0x00, 0x00, 0x00, 0x00, 0x00, 0xc2, 0xf1, 0xff,
  0x87, 0x00, 0x00, 0x00, 0x00, 0x00, 0x40, 0xff, 0x7b, 0xb4, 0xf3, 0x12,
  0x00, 0x00, 0x00, 0x00, 0xbc, 0xf2, 0x10, 0x3b, 0xff, 0x83, 0x00, 0x00,
  0x00, 0x39, 0xff, 0x88, 0x00, 0x00, 0xc2, 0xf0, 0x10, 0x00, 0x00, 0xb6,
  0xf7, 0x18, 0x00, 0x00, 0x49, 0xff, 0x7e, 0x00, 0x33, 0xff, 0x96, 0x00,
  0x00, 0x00, 0x00, 0xd0, 0xee, 0x0e, 0xaf, 0xfc, 0x21, 0x00, 0x00, 0x00,
  0x00, 0x58, 0xff, 0x7a, 0xaf, 0x96, 0x00, 0x00, 0x00, 0x00, 0x00, 0x03,
  0xc9, 0x78, 0xad, 0xa3, 0x00, 0x00, 0x00, 0x00, 0x00, 0x00, 0x50, 0xdf,
  0x16, 0xaf, 0xff, 0x37, 0x00, 0x00, 0x00, 0x00, 0x04, 0xdb, 0xeb, 0x0c,
  0x2d, 0xfd, 0xbc, 0x00, 0x00, 0x00, 0x00, 0x67, 0xff, 0x72, 0x00, 0x00,
  0xa6, 0xff, 0x42, 0x00, 0x00, 0x09, 0xe5, 0xe5, 0x08, 0x00, 0x00, 0x25,
  0xfb, 0xc7, 0x00, 0x00, 0x75, 0xff, 0x68, 0x00, 0x00, 0x00, 0x00, 0x9c,
  0xff, 0x4d, 0x0f, 0xed, 0xde, 0x05, 0x00, 0x00, 0x00, 0x00, 0x1e, 0xf9,
  0xd2, 0x86, 0xff, 0x5e, 0x00, 0x00, 0x00, 0x00, 0x00, 0x00, 0x92, 0xff,
  0xfd, 0xd6, 0x03, 0x00, 0x00, 0x00, 0x00, 0x00, 0x00, 0x18, 0xf5, 0xff,
  0x54, 0x00, 0x00, 0x00, 0x00, 0x00, 0x00, 0x00, 0x00, 0xb2, 0xf9, 0x01,
  0x00, 0x00, 0x00, 0x00, 0x00, 0x00, 0x00, 0x00, 0xaf, 0xf7, 0x00, 0x00,
  0x00, 0x00, 0x00, 0x00, 0x00, 0x00, 0x00, 0xaf, 0xf7, 0x00, 0x00, 0x00,
  0x00, 0x00, 0x00, 0x00, 0x00, 0x00, 0xaf, 0xf7, 0x00, 0x00, 0x00, 0x00,
  0x00, 0x00, 0x00, 0x00, 0x00, 0xaf, 0xf7, 0x00, 0x00, 0x00, 0x00, 0x00,
  0x00, 0x00, 0x00, 0x00, 0xaf, 0xf7, 0x00, 0x00, 0x00, 0x00, 0x00, 0x00,
  0x00, 0x00, 0x00, 0xaf, 0xf7, 0x00, 0x00, 0x00, 0x00, 0x00, 0x00, 0x00,
  0x00, 0x00, 0xaf, 0xf7, 0x00, 0x00, 0x00, 0x00, 0x00, 0x00, 0x00, 0x00,
  0x00, 0x90, 0xd8, 0x00, 0x00, 0x00, 0x00, 0x00, 0xd3, 0xff, 0xff, 0xff,
  0xff, 0xff, 0xff, 0xff, 0xff, 0x9a, 0x87, 0xaf, 0xaf, 0xaf, 0xaf, 0xaf,
  0xaf, 0xd7, 0xff, 0x7f, 0x00, 0x00, 0x00, 0x00, 0x00, 0x00, 0x01, 0xd1,
  0xf1, 0x11, 0x00, 0x00, 0x00, 0x00, 0x00, 0x00, 0x50, 0xff, 0x85, 0x00,
  0x00, 0x00, 0x00, 0x00, 0x00, 0x00, 0xcd, 0xf4, 0x14, 0x00, 0x00, 0x00,
  0x00, 0x00, 0x00, 0x4b, 0xff, 0x8a, 0x00, 0x00, 0x00, 0x00, 0x00, 0x00,
  0x00, 0xc9, 0xf6, 0x17, 0x00, 0x00, 0x00, 0x00, 0x00, 0x00, 0x47, 0xff,
  0x8f, 0x00, 0x00, 0x00, 0x00, 0x00, 0x00, 0x00, 0xc5, 0xf8, 0x1a, 0x00,
  0x00, 0x00, 0x00, 0x00, 0x00, 0x43, 0xff, 0x95, 0x00, 0x00, 0x00, 0x00,
  0x00, 0x00, 0x00, 0xc1, 0xfa, 0x1e, 0x00, 0x00, 0x00, 0x00, 0x00, 0x00,
  0x3f, 0xff, 0x9a, 0x00, 0x00, 0x00, 0x00, 0x00, 0x00, 0x00, 0xbd, 0xfb,
  0x22, 0x00, 0x00, 0x00, 0x00, 0x00, 0x00, 0x3a, 0xff, 0x9f, 0x00, 0x00,
  0x00, 0x00, 0x00, 0x00, 0x00, 0xb8, 0xfc, 0x25, 0x00, 0x00, 0x00, 0x00,
  0x00, 0x00, 0x37, 0xff, 0xa5, 0x00, 0x00, 0x00, 0x00, 0x00, 0x00, 0x00,
  0xb2, 0xff, 0xca, 0xaf, 0xaf, 0xaf, 0xaf, 0xaf, 0xaf, 0x61, 0xca, 0xff,
  0xff, 0xff, 0xff, 0xff, 0xff, 0xff, 0xff, 0x9c, 0x39, 0xad, 0xaf, 0xaf,
  0xaf, 0x6a, 0x96, 0xff, 0xff, 0xff, 0xff, 0xa7, 0x97, 0xff, 0x0f, 0x00,
  0x00, 0x00, 0x97, 0xff, 0x0f, 0x00, 0x00, 0x00, 0x97, 0xff, 0x0f, 0x00,
  0x00, 0x00, 0x97, 0xff, 0x0f, 0x00, 0x00, 0x00, 0x97, 0xff, 0x0f, 0x00,
  0x00, 0x00, 0x97, 0xff, 0x0f, 0x00, 0x00, 0x00, 0x97, 0xff, 0x0f, 0x00,
  0x00, 0x00, 0x97, 0xff, 0x0f, 0x00, 0x00, 0x00, 0x97, 0xff, 0x0f, 0x00,
  0x00, 0x00, 0x97, 0xff, 0x0f, 0x00, 0x00, 0x00, 0x97, 0xff, 0x0f, 0x00,
  0x00, 0x00, 0x97, 0xff, 0x0f, 0x00, 0x00, 0x00, 0x97, 0xff, 0x0f, 0x00,
  0x00, 0x00, 0x97, 0xff, 0x0f, 0x00, 0x00, 0x00, 0x97, 0xff, 0x0f, 0x00,
  0x00, 0x00, 0x97, 0xff, 0x0f, 0x00, 0x00, 0x00, 0x97, 0xff, 0xb4, 0xaf,
  0xaf, 0x6a, 0x68, 0xfd, 0xff, 0xff, 0xff, 0xa8, 0x00, 0xc7, 0x8b, 0x00,
  0x00, 0x00, 0x00, 0x00, 0x00, 0x00, 0x00, 0xc9, 0xf2, 0x0b, 0x00, 0x00,
  0x00, 0x00, 0x00, 0x00, 0x00, 0x67, 0xff, 0x60, 0x00, 0x00, 0x00, 0x00,
  0x00, 0x00, 0x00, 0x0f, 0xf6, 0xc3, 0x00, 0x00, 0x00, 0x00, 0x00, 0x00,
  0x00, 0x00, 0xa3, 0xff, 0x27, 0x00, 0x00, 0x00, 0x00, 0x00, 0x00, 0x00,
  0x40, 0xff, 0x89, 0x00, 0x00, 0x00, 0x00, 0x00, 0x00, 0x00, 0x01, 0xdd,
  0xe7, 0x04, 0x00, 0x00, 0x00, 0x00, 0x00, 0x00, 0x00, 0x7c, 0xff, 0x4e,
  0x00, 0x00, 0x00, 0x00, 0x00, 0x00, 0x00, 0x1d, 0xfd, 0xb1, 0x00, 0x00,
  0x00, 0x00, 0x00, 0x00, 0x00, 0x00, 0xb8, 0xfb, 0x18, 0x00, 0x00, 0x00,
  0x00, 0x00, 0x00, 0x00, 0x56, 0xff, 0x77, 0x00, 0x00, 0x00, 0x00, 0x00,
  0x00, 0x00, 0x07, 0xed, 0xd9, 0x00, 0x00, 0x00, 0x00, 0x00, 0x00, 0x00,
  0x00, 0x92, 0xff, 0x3d, 0x00, 0x00, 0x00, 0x00, 0x00, 0x00, 0x00, 0x2f,
  0xff, 0x9f, 0x00, 0x00, 0x00, 0x00, 0x00, 0x00, 0x00, 0x00, 0xcd, 0xf4,
  0x0d, 0x00, 0x00, 0x00, 0x00, 0x00, 0x00, 0x00, 0x6b, 0xff, 0x65, 0x00,
  0x00, 0x00, 0x00, 0x00, 0x00, 0x00, 0x11, 0xf8, 0xc8, 0x00, 0x00, 0x00,
  0x00, 0x00, 0x00, 0x00, 0x00, 0x98, 0xc6, 0x00, 0x4b, 0xaf, 0xaf, 0xaf,
  0xaf, 0x56, 0x79, 0xff, 0xff, 0xff, 0xff, 0xc6, 0x00, 0x00, 0x00, 0x00,
  0xdf, 0xc7, 0x00, 0x00, 0x00, 0x00, 0xdf, 0xc7, 0x00, 0x00, 0x00, 0x00,
  0xdf, 0xc7, 0x00, 0x00, 0x00, 0x00, 0xdf, 0xc7, 0x00, 0x00, 0x00, 0x00,
  0xdf, 0xc7, 0x00, 0x00, 0x00, 0x00, 0xdf, 0xc7, 0x00, 0x00, 0x00, 0x00,
  0xdf, 0xc7, 0x00, 0x00, 0x00, 0x00, 0xdf, 0xc7, 0x00, 0x00, 0x00, 0x00,
  0xdf, 0xc7, 0x00, 0x00, 0x00, 0x00, 0xdf, 0xc7, 0x00, 0x00, 0x00, 0x00,
  0xdf, 0xc7, 0x00, 0x00, 0x00, 0x00, 0xdf, 0xc7, 0x00, 0x00, 0x00, 0x00,
  0xdf, 0xc7, 0x00, 0x00, 0x00, 0x00, 0xdf, 0xc7, 0x00, 0x00, 0x00, 0x00,
  0xdf, 0xc7, 0x00, 0x00, 0x00, 0x00, 0xdf, 0xc7, 0x4b, 0xaf, 0xaf, 0xaf,
  0xf5, 0xc7, 0x7a, 0xff, 0xff, 0xff, 0xff, 0x95, 0x00, 0x00, 0x00, 0x35,
  0xdb, 0xdb, 0x35, 0x00, 0x00, 0x00, 0x00, 0x00, 0x34, 0xf0, 0xf3, 0xf3,
  0xef, 0x33, 0x00, 0x00, 0x00, 0x31, 0xee, 0xf5, 0x3e, 0x3f, 0xf5, 0xee,
  0x31, 0x00, 0x26, 0xed, 0xf6, 0x42, 0x00, 0x00, 0x42, 0xf6, 0xec, 0x26,
  0x2a, 0xde, 0x46, 0x00, 0x00, 0x00, 0x00, 0x46, 0xdd, 0x29, 0x97, 0x97,
  0x97, 0x97, 0x97, 0x97, 0x97, 0x97, 0x97, 0x97, 0x97, 0x97, 0x97, 0x42,
  0xff, 0xff, 0xff, 0xff, 0xff, 0xff, 0xff, 0xff, 0xff, 0xff, 0xff, 0xff,
  0xff, 0x6f, 0x17, 0x5c, 0x00, 0x00, 0x77, 0xff, 0x51, 0x00, 0x10, 0xeb,
  0xde, 0x08, 0x00, 0x66, 0xff, 0x7c, 0x00, 0x02, 0xc2, 0x8c, 0x00, 0x00,
  0x00, 0x00, 0x0f, 0xd7, 0x62, 0x00, 0x00, 0x00, 0x00, 0x00, 0x00, 0x00,
  0x00, 0x00, 0x55, 0xff, 0xbc, 0x00, 0x00, 0x00, 0x00, 0x00, 0x00, 0x00,
  0x00, 0x00, 0xa1, 0xff, 0xfa, 0x0d, 0x00, 0x00, 0x00, 0x00, 0x00, 0x00,
  0x00, 0x02, 0xea, 0xed, 0xff, 0x52, 0x00, 0x00, 0x00, 0x00, 0x00, 0x00,
  0x00, 0x38, 0xff, 0x77, 0xf9, 0x9d, 0x00, 0x00, 0x00, 0x00, 0x00, 0x00,
  0x00, 0x83, 0xff, 0x25, 0xbe, 0xe7, 0x01, 0x00, 0x00, 0x00, 0x00, 0x00,
  0x00, 0xcf, 0xe0, 0x00, 0x78, 0xff, 0x33, 0x00, 0x00, 0x00, 0x00, 0x00,
  0x1b, 0xff, 0x99, 0x00, 0x32, 0xff, 0x7e, 0x00, 0x00, 0x00, 0x00, 0x00,
  0x66, 0xff, 0x53, 0x00, 0x01, 0xeb, 0xca, 0x00, 0x00, 0x00, 0x00, 0x00,
  0xb1, 0xfd, 0x11, 0x00, 0x00, 0xa6, 0xfe, 0x17, 0x00, 0x00, 0x00, 0x07,
  0xf5, 0xff, 0xff, 0xff, 0xff, 0xff, 0xff, 0x60, 0x00, 0x00, 0x00, 0x48,
  0xff, 0xd2, 0xb3, 0xb3, 0xb3, 0xb4, 0xff, 0xab, 0x00, 0x00, 0x00, 0x94,
  0xff, 0x34, 0x00, 0x00, 0x00, 0x00, 0xcd, 0xf1, 0x05, 0x00, 0x00, 0xdf,
  0xe4, 0x01, 0x00, 0x00, 0x00, 0x00, 0x7e, 0xff, 0x41, 0x00, 0x2b, 0xff,
  0x95, 0x00, 0x00, 0x00, 0x00, 0x00, 0x2f, 0xff, 0x8c, 0x00, 0x76, 0xff,
  0x45, 0x00, 0x00, 0x00, 0x00, 0x00, 0x00, 0xdf, 0xd7, 0x00, 0xc2, 0xf1,
  0x05, 0x00, 0x00, 0x00, 0x00, 0x00, 0x00, 0x91, 0xff, 0x22, 0xbd, 0x8a,
  0x00, 0x00, 0x00, 0x00, 0x00, 0x00, 0x00, 0x39, 0xed, 0x30, 0xe4, 0xff,
  0xff, 0xff, 0xff, 0xff, 0xf4, 0xad, 0x18, 0x00, 0xf3, 0xe8, 0xaf, 0xaf,
  0xaf, 0xaf, 0xcf, 0xff, 0xdc, 0x0a, 0xf3, 0xb3, 0x00, 0x00, 0x00, 0x00,
  0x00, 0x94, 0xff, 0x70, 0xf3, 0xb3, 0x00, 0x00, 0x00, 0x00, 0x00, 0x10,
  0xfe, 0xa7, 0xf3, 0xb3, 0x00, 0x00, 0x00, 0x00, 0x00, 0x00, 0xf7, 0xaf,
  0xf3, 0xb3, 0x00, 0x00, 0x00, 0x00, 0x00, 0x00, 0xf8, 0xaf, 0xf3, 0xb3,
  0x00, 0x00, 0x00, 0x00, 0x00, 0x34, 0xff, 0x9a, 0xf3, 0xb3, 0x00, 0x00,
  0x00, 0x00, 0x35, 0xdd, 0xfb, 0x33, 0xf3, 0xff, 0xff, 0xff, 0xff, 0xff,
  0xff, 0xff, 0x72, 0x00, 0xf3, 0xe8, 0xaf, 0xaf, 0xaf, 0xb0, 0xe1, 0xff,
  0xad, 0x00, 0xf3, 0xb3, 0x00, 0x00, 0x00, 0x00, 0x08, 0xb4, 0xff, 0x56,
  0xf3, 0xb3, 0x00, 0x00, 0x00, 0x00, 0x00, 0x1a, 0xfe, 0xa4, 0xf3, 0xb3,
  0x00, 0x00, 0x00, 0x00, 0x00, 0x00, 0xf7, 0xaf, 0xf3, 0xb3, 0x00, 0x00,
  0x00, 0x00, 0x00, 0x00, 0xf7, 0xaf, 0xf3, 0xb3, 0x00, 0x00, 0x00, 0x00,
  0x00, 0x14, 0xfe, 0xa3, 0xf3, 0xb3, 0x00, 0x00, 0x00, 0x00, 0x00, 0x9b,
  0xff, 0x69, 0xf3, 0xe8, 0xaf, 0xaf, 0xaf, 0xaf, 0xcf, 0xff, 0xd7, 0x07,
  0xe4, 0xff, 0xff, 0xff, 0xff, 0xff, 0xf4, 0xad, 0x16, 0x00, 0x00, 0x4a,
  0xcd, 0xfc, 0xff, 0xff, 0xf6, 0xc0, 0x36, 0x00, 0x45, 0xfe, 0xfa, 0xbc,
  0xaf, 0xaf, 0xc6, 0xff, 0xf5, 0x29, 0xc4, 0xfa, 0x3d, 0x00, 0x00, 0x00,
  0x00, 0x61, 0xff, 0x8c, 0xf0, 0xbf, 0x00, 0x00, 0x00, 0x00, 0x00, 0x02,
  0xe3, 0x99, 0xf3, 0xb3, 0x00, 0x00, 0x00, 0x00, 0x00, 0x00, 0x02, 0x00,
  0xf3, 0xb3, 0x00, 0x00, 0x00, 0x00, 0x00, 0x00, 0x00, 0x00, 0xf3, 0xb3,
  0x00, 0x00, 0x00, 0x00, 0x00, 0x00, 0x00, 0x00, 0xf3, 0xb3, 0x00, 0x00,
  0x00, 0x00, 0x00, 0x00, 0x00, 0x00, 0xf3, 0xb3, 0x00, 0x00, 0x00, 0x00,
  0x00, 0x00, 0x00, 0x00, 0xf3, 0xb3, 0x00, 0x00, 0x00, 0x00, 0x00, 0x00,
  0x00, 0x00, 0xf3, 0xb3, 0x00, 0x00, 0x00, 0x00, 0x00, 0x00, 0x00, 0x00,
  0xf3, 0xb3, 0x00, 0x00, 0x00, 0x00, 0x00, 0x00, 0x00, 0x00, 0xf3, 0xb3,
  0x00, 0x00, 0x00, 0x00, 0x00, 0x00, 0x00, 0x00, 0xf3, 0xb3, 0x00, 0x00,
  0x00, 0x00, 0x00, 0x00, 0x02, 0x00, 0xf0, 0xc0, 0x00, 0x00, 0x00, 0x00,
  0x00, 0x02, 0xe3, 0x99, 0xc3, 0xfb, 0x40, 0x00, 0x00, 0x00, 0x00, 0x61,
  0xff, 0x89, 0x44, 0xfe, 0xfa, 0xbc, 0xaf, 0xaf, 0xc6, 0xff, 0xf3, 0x26,
  0x00, 0x49, 0xcd, 0xfc, 0xff, 0xff, 0xf6, 0xbf, 0x33, 0x00, 0xdd, 0xff,
  0xff, 0xff, 0xff, 0xff, 0xe8, 0x93, 0x0a, 0x00, 0xf3, 0xe8, 0xaf, 0xaf,
  0xaf, 0xb0, 0xe0, 0xff, 0xc5, 0x03, 0xf3, 0xb3, 0x00, 0x00, 0x00, 0x00,
  0x07, 0xb0, 0xff, 0x64, 0xf3, 0xb3, 0x00, 0x00, 0x00, 0x00, 0x00, 0x17,
  0xfe, 0xa3, 0xf3, 0xb3, 0x00, 0x00, 0x00, 0x00, 0x00, 0x00, 0xf7, 0xaf,
  0xf3, 0xb3, 0x00, 0x00, 0x00, 0x00, 0x00, 0x00, 0xf7, 0xaf, 0xf3, 0xb3,
  0x00, 0x00, 0x00, 0x00, 0x00, 0x00, 0xf7, 0xaf, 0xf3, 0xb3, 0x00, 0x00,
  0x00, 0x00, 0x00, 0x00, 0xf7, 0xaf, 0xf3, 0xb3, 0x00, 0x00, 0x00, 0x00,
  0x00, 0x00, 0xf7, 0xaf, 0xf3, 0xb3, 0x00, 0x00, 0x00, 0x00, 0x00, 0x00,
  0xf7, 0xaf, 0xf3, 0xb3, 0x00, 0x00, 0x00, 0x00, 0x00, 0x00, 0xf7, 0xaf,
  0xf3, 0xb3, 0x00, 0x00, 0x00, 0x00, 0x00, 0x00, 0xf7, 0xaf, 0xf3, 0xb3,
  0x00, 0x00, 0x00, 0x00, 0x00, 0x00, 0xf7, 0xaf, 0xf3, 0xb3, 0x00, 0x00,
  0x00, 0x00, 0x00, 0x00, 0xf7, 0xaf, 0xf3, 0xb3, 0x00, 0x00, 0x00, 0x00,
  0x00, 0x15, 0xfe, 0xa5, 0xf3, 0xb3, 0x00, 0x00, 0x00, 0x00, 0x06, 0xac,
  0xff, 0x67, 0xf3, 0xe7, 0xab, 0xab, 0xab, 0xac, 0xdd, 0xff, 0xc8, 0x04,
  0xe2, 0xff, 0xff, 0xff, 0xff, 0xff, 0xe9, 0x96, 0x0c, 0x00, 0xc1, 0xff,
  0xff, 0xff, 0xff, 0xff, 0xff, 0xff, 0xfe, 0x55, 0xf3, 0xe8, 0xaf, 0xaf,
  0xaf, 0xaf, 0xaf, 0xaf, 0xae, 0x31, 0xf3, 0xb3, 0x00, 0x00, 0x00, 0x00,
  0x00, 0x00, 0x00, 0x00, 0xf3, 0xb3, 0x00, 0x00, 0x00, 0x00, 0x00, 0x00,
  0x00, 0x00, 0xf3, 0xb3, 0x00, 0x00, 0x00, 0x00, 0x00, 0x00, 0x00, 0x00,
  0xf3, 0xb3, 0x00, 0x00, 0x00, 0x00, 0x00, 0x00, 0x00, 0x00, 0xf3, 0xb3,
  0x00, 0x00, 0x00, 0x00, 0x00, 0x00, 0x00, 0x00, 0xf3, 0xb3, 0x00, 0x00,
  0x00, 0x00, 0x00, 0x00, 0x00, 0x00, 0xf3, 0xff, 0xff, 0xff, 0xff, 0xff,
  0xff, 0xfb, 0x35, 0x00, 0xf3, 0xe8, 0xaf, 0xaf, 0xaf, 0xaf, 0xaf, 0xab,
  0x1e, 0x00, 0xf3, 0xb3, 0x00, 0x00, 0x00, 0x00, 0x00, 0x00, 0x00, 0x00,
  0xf3, 0xb3, 0x00, 0x00, 0x00, 0x00, 0x00, 0x00, 0x00, 0x00, 0xf3, 0xb3,
  0x00, 0x00, 0x00, 0x00, 0x00, 0x00, 0x00, 0x00, 0xf3, 0xb3, 0x00, 0x00,
  0x00, 0x00, 0x00, 0x00, 0x00, 0x00, 0xf3, 0xb3, 0x00, 0x00, 0x00, 0x00,
  0x00, 0x00, 0x00, 0x00, 0xf3, 0xb3, 0x00, 0x00, 0x00, 0x00, 0x00, 0x00,
  0x00, 0x00, 0xf3, 0xe8, 0xaf, 0xaf, 0xaf, 0xaf, 0xaf, 0xaf, 0xaf, 0x38,
  0xc1, 0xff, 0xff, 0xff, 0xff, 0xff, 0xff, 0xff, 0xff, 0x60, 0xc4, 0xff,
  0xff, 0xff, 0xff, 0xff, 0xff, 0xff, 0xfe, 0x55, 0xf3, 0xe8, 0xaf, 0xaf,
  0xaf, 0xaf, 0xaf, 0xaf, 0xae, 0x31, 0xf3, 0xb3, 0x00, 0x00, 0x00, 0x00,
  0x00, 0x00, 0x00, 0x00, 0xf3, 0xb3, 0x00, 0x00, 0x00, 0x00, 0x00, 0x00,
  0x00, 0x00, 0xf3, 0xb3, 0x00, 0x00, 0x00, 0x00, 0x00, 0x00, 0x00, 0x00,
  0xf3, 0xb3, 0x00, 0x00, 0x00, 0x00, 0x00, 0x00, 0x00, 0x00, 0xf3, 0xb3,
  0x00, 0x00, 0x00, 0x00, 0x00, 0x00, 0x00, 0x00, 0xf3, 0xb3, 0x00, 0x00,
  0x00, 0x00, 0x00, 0x00, 0x00, 0x00, 0xf3, 0xff, 0xff, 0xff, 0xff, 0xff,
  0xff, 0xff, 0xf5, 0x1e, 0xf3, 0xe8, 0xaf, 0xaf, 0xaf, 0xaf, 0xaf, 0xaf,
  0xa6, 0x0f, 0xf3, 0xb3, 0x00, 0x00, 0x00, 0x00, 0x00, 0x00, 0x00, 0x00,
  0xf3, 0xb3, 0x00, 0x00, 0x00, 0x00, 0x00, 0x00, 0x00, 0x00, 0xf3, 0xb3,
  0x00, 0x00, 0x00, 0x00, 0x00, 0x00, 0x00, 0x00, 0xf3, 0xb3, 0x00, 0x00,
  0x00, 0x00, 0x00, 0x00, 0x00, 0x00, 0xf3, 0xb3, 0x00, 0x00, 0x00, 0x00,
  0x00, 0x00, 0x00, 0x00, 0xf3, 0xb3, 0x00, 0x00, 0x00, 0x00, 0x00, 0x00,
  0x00, 0x00, 0xf3, 0xb3, 0x00, 0x00, 0x00, 0x00, 0x00, 0x00, 0x00, 0x00,
  0xd5, 0x93, 0x00, 0x00, 0x00, 0x00, 0x00, 0x00, 0x00, 0x00, 0x00, 0x44,
  0xcb, 0xfc, 0xff, 0xff, 0xf5, 0xbe, 0x33, 0x00, 0x41, 0xfd, 0xfa, 0xbc,
  0xaf, 0xaf, 0xc5, 0xff, 0xf3, 0x25, 0xc3, 0xfb, 0x40, 0x00, 0x00, 0x00,
  0x00, 0x5f, 0xff, 0x86, 0xf0, 0xc0, 0x00, 0x00, 0x00, 0x00, 0x00, 0x03,
  0xe0, 0x8e, 0xf3, 0xb3, 0x00, 0x00, 0x00, 0x00, 0x00, 0x00, 0x00, 0x00,
  0xf3, 0xb3, 0x00, 0x00, 0x00, 0x00, 0x00, 0x00, 0x00, 0x00, 0xf3, 0xb3,
  0x00, 0x00, 0x00, 0x00, 0x00, 0x00, 0x00, 0x00, 0xf3, 0xb3, 0x00, 0x00,
  0x00, 0x00, 0x00, 0x00, 0x00, 0x00, 0xf3, 0xb3, 0x00, 0x00, 0x6f, 0xaf,
  0xaf, 0xaf, 0xaf, 0x43, 0xf3, 0xb3, 0x00, 0x00, 0xb0, 0xff, 0xff, 0xff,
  0xff, 0xa6, 0xf3, 0xb3, 0x00, 0x00, 0x00, 0x00, 0x00, 0x00, 0xfb, 0xa7,
  0xf3, 0xb3, 0x00, 0x00, 0x00, 0x00, 0x00, 0x00, 0xfb, 0xa7, 0xf3, 0xb3,
  0x00, 0x00, 0x00, 0x00, 0x00, 0x00, 0xfb, 0xa7, 0xf3, 0xb3, 0x00, 0x00,
  0x00, 0x00, 0x00, 0x00, 0xfb, 0xa7, 0xf0, 0xc0, 0x00, 0x00, 0x00, 0x00,
  0x00, 0x0b, 0xfe, 0xa3, 0xc3, 0xfb, 0x3e, 0x00, 0x00, 0x00, 0x00, 0x83,
  0xff, 0x74, 0x44, 0xfe, 0xf9, 0xb8, 0xab, 0xab, 0xc9, 0xff, 0xe4, 0x10,
  0x00, 0x49, 0xcd, 0xfc, 0xff, 0xff, 0xf4, 0xb3, 0x20, 0x00, 0xd5, 0x94,
  0x00, 0x00, 0x00, 0x00, 0x00, 0x00, 0xd7, 0x91, 0xf3, 0xb3, 0x00, 0x00,
  0x00, 0x00, 0x00, 0x00, 0xf7, 0xaf, 0xf3, 0xb3, 0x00, 0x00, 0x00, 0x00,
  0x00, 0x00, 0xf7, 0xaf, 0xf3, 0xb3, 0x00, 0x00, 0x00, 0x00, 0x00, 0x00,
  0xf7, 0xaf, 0xf3, 0xb3, 0x00, 0x00, 0x00, 0x00, 0x00, 0x00, 0xf7, 0xaf,
  0xf3, 0xb3, 0x00, 0x00, 0x00, 0x00, 0x00, 0x00, 0xf7, 0xaf, 0xf3, 0xb3,
  0x00, 0x00, 0x00, 0x00, 0x00, 0x00, 0xf7, 0xaf, 0xf3, 0xb3, 0x00, 0x00,
  0x00, 0x00, 0x00, 0x00, 0xf7, 0xaf, 0xf3, 0xe8, 0xaf, 0xaf, 0xaf, 0xaf,
  0xaf, 0xaf, 0xfd, 0xaf, 0xf3, 0xff, 0xff, 0xff, 0xff, 0xff, 0xff, 0xff,
  0xff, 0xaf, 0xf3, 0xb3, 0x00, 0x00, 0x00, 0x00, 0x00, 0x00, 0xf7, 0xaf,
  0xf3, 0xb3, 0x00, 0x00, 0x00, 0x00, 0x00, 0x00, 0xf7, 0xaf, 0xf3, 0xb3,
  0x00, 0x00, 0x00, 0x00, 0x00, 0x00, 0xf7, 0xaf, 0xf3, 0xb3, 0x00, 0x00,
  0x00, 0x00, 0x00, 0x00, 0xf7, 0xaf, 0xf3, 0xb3, 0x00, 0x00, 0x00, 0x00,
  0x00, 0x00, 0xf7, 0xaf, 0xf3, 0xb3, 0x00, 0x00, 0x00, 0x00, 0x00, 0x00,
  0xf7, 0xaf, 0xf3, 0xb3, 0x00, 0x00, 0x00, 0x00, 0x00, 0x00, 0xf7, 0xaf,
  0xd5, 0x93, 0x00, 0x00, 0x00, 0x00, 0x00, 0x00, 0xd7, 0x91, 0xd3, 0xff,
  0xff, 0xff, 0xff, 0xff, 0xff, 0xff, 0xf6, 0x1e, 0x87, 0xaf, 0xaf, 0xbe,
  0xff, 0xd5, 0xaf, 0xaf, 0xa6, 0x0e, 0x00, 0x00, 0x00, 0x2f, 0xff, 0x77,
  0x00, 0x00, 0x00, 0x00, 0x00, 0x00, 0x00, 0x2f, 0xff, 0x77, 0x00, 0x00,
  0x00, 0x00, 0x00, 0x00, 0x00, 0x2f, 0xff, 0x77, 0x00, 0x00, 0x00, 0x00,
  0x00, 0x00, 0x00, 0x2f, 0xff, 0x77, 0x00, 0x00, 0x00, 0x00, 0x00, 0x00,
  0x00, 0x2f, 0xff, 0x77, 0x00, 0x00, 0x00, 0x00, 0x00, 0x00, 0x00, 0x2f,
  0xff, 0x77, 0x00, 0x00, 0x00, 0x00, 0x00, 0x00, 0x00, 0x2f, 0xff, 0x77,
  0x00, 0x00, 0x00, 0x00, 0x00, 0x00, 0x00, 0x2f, 0xff, 0x77, 0x00, 0x00,
  0x00, 0x00, 0x00, 0x00, 0x00, 0x2f, 0xff, 0x77, 0x00, 0x00, 0x00, 0x00,
  0x00, 0x00, 0x00, 0x2f, 0xff, 0x77, 0x00, 0x00, 0x00, 0x00, 0x00, 0x00,
  0x00, 0x2f, 0xff, 0x77, 0x00, 0x00, 0x00, 0x00, 0x00, 0x00, 0x00, 0x2f,
  0xff, 0x77, 0x00, 0x00, 0x00, 0x00, 0x00, 0x00, 0x00, 0x2f, 0xff, 0x77,
  0x00, 0x00, 0x00, 0x00, 0x00, 0x00, 0x00, 0x2f, 0xff, 0x77, 0x00, 0x00,
  0x00, 0x00, 0x78, 0xa3, 0xa3, 0xb5, 0xff, 0xcf, 0xa3, 0xa3, 0x9b, 0x11,
  0xcb, 0xff, 0xff, 0xff, 0xff, 0xff, 0xff, 0xff, 0xf8, 0x27, 0x00, 0x00,
  0x00, 0x00, 0x00, 0x00, 0x00, 0x0e, 0xec, 0x6d, 0x00, 0x00, 0x00, 0x00,
  0x00, 0x00, 0x00, 0x1b, 0xff, 0x8b, 0x00, 0x00, 0x00, 0x00, 0x00, 0x00,
  0x00, 0x1b, 0xff, 0x8b, 0x00, 0x00, 0x00, 0x00, 0x00, 0x00, 0x00, 0x1b,
  0xff, 0x8b, 0x00, 0x00, 0x00, 0x00, 0x00, 0x00, 0x00, 0x1b, 0xff, 0x8b,
  0x00, 0x00, 0x00, 0x00, 0x00, 0x00, 0x00, 0x1b, 0xff, 0x8b, 0x00, 0x00,
  0x00, 0x00, 0x00, 0x00, 0x00, 0x1b, 0xff, 0x8b, 0x00, 0x00, 0x00, 0x00,
  0x00, 0x00, 0x00, 0x1b, 0xff, 0x8b, 0x00, 0x00, 0x00, 0x00, 0x00, 0x00,
  0x00, 0x1b, 0xff, 0x8b, 0x00, 0x00, 0x00, 0x00, 0x00, 0x00, 0x00, 0x1b,
  0xff, 0x8b, 0x00, 0x00, 0x00, 0x00, 0x00, 0x00, 0x00, 0x1b, 0xff, 0x8b,
  0x00, 0x00, 0x00, 0x00, 0x00, 0x00, 0x00, 0x1b, 0xff, 0x8b, 0x00, 0x00,
  0x00, 0x00, 0x00, 0x00, 0x00, 0x1b, 0xff, 0x8b, 0x02, 0x00, 0x00, 0x00,
  0x00, 0x00, 0x00, 0x1b, 0xff, 0x8b, 0xda, 0x9f, 0x00, 0x00, 0x00, 0x00,
  0x00, 0x27, 0xff, 0x88, 0xd1, 0xf0, 0x26, 0x00, 0x00, 0x00, 0x00, 0x95,
  0xff, 0x5e, 0x63, 0xff, 0xfd, 0xc0, 0xaf, 0xaf, 0xcd, 0xff, 0xdf, 0x0a,
  0x00, 0x5f, 0xd5, 0xfc, 0xff, 0xff, 0xf5, 0xb5, 0x1f, 0x00, 0xd4, 0x95,
  0x00, 0x00, 0x00, 0x00, 0x00, 0x0f, 0xca, 0x75, 0xf3, 0xb3, 0x00, 0x00,
  0x00, 0x00, 0x05, 0xbd, 0xff, 0x65, 0xf3, 0xb3, 0x00, 0x00, 0x00, 0x00,
  0xa2, 0xff, 0x8a, 0x00, 0xf3, 0xb3, 0x00, 0x00, 0x00, 0x84, 0xff, 0xaa,
  0x01, 0x00, 0xf3, 0xb3, 0x00, 0x00, 0x64, 0xff, 0xc4, 0x08, 0x00, 0x00,
  0xf3, 0xb3, 0x00, 0x49, 0xfb, 0xda, 0x13, 0x00, 0x00, 0x00, 0xf3, 0xb3,
  0x31, 0xf3, 0xea, 0x23, 0x00, 0x00, 0x00, 0x00, 0xf3, 0xcf, 0xe6, 0xf6,
  0x38, 0x00, 0x00, 0x00, 0x00, 0x00, 0xf3, 0xff, 0xfd, 0x52, 0x00, 0x00,
  0x00, 0x00, 0x00, 0x00, 0xf3, 0xff, 0xfe, 0x56, 0x00, 0x00, 0x00, 0x00,
  0x00, 0x00, 0xf3, 0xcf, 0xe4, 0xf7, 0x3b, 0x00, 0x00, 0x00, 0x00, 0x00,
  0xf3, 0xb3, 0x30, 0xf3, 0xeb, 0x24, 0x00, 0x00, 0x00, 0x00, 0xf3, 0xb3,
  0x00, 0x4b, 0xfc, 0xda, 0x13, 0x00, 0x00, 0x00, 0xf3, 0xb3, 0x00, 0x00,
  0x6a, 0xff, 0xc3, 0x07, 0x00, 0x00, 0xf3, 0xb3, 0x00, 0x00, 0x00, 0x8e,
  0xff, 0xa6, 0x01, 0x00, 0xf3, 0xb3, 0x00, 0x00, 0x00, 0x02, 0xaf, 0xff,
  0x85, 0x00, 0xf3, 0xb3, 0x00, 0x00, 0x00, 0x00, 0x0a, 0xcb, 0xff, 0x5d,
  0xd4, 0x95, 0x00, 0x00, 0x00, 0x00, 0x00, 0x18, 0xd6, 0x67, 0xd5, 0x94,
  0x00, 0x00, 0x00, 0x00, 0x00, 0x00, 0x00, 0x00, 0xf3, 0xb3, 0x00, 0x00,
  0x00, 0x00, 0x00, 0x00, 0x00, 0x00, 0xf3, 0xb3, 0x00, 0x00, 0x00, 0x00,
  0x00, 0x00, 0x00, 0x00, 0xf3, 0xb3, 0x00, 0x00, 0x00, 0x00, 0x00, 0x00,
  0x00, 0x00, 0xf3, 0xb3, 0x00, 0x00, 0x00, 0x00, 0x00, 0x00, 0x00, 0x00,
  0xf3, 0xb3, 0x00, 0x00, 0x00, 0x00, 0x00, 0x00, 0x00, 0x00, 0xf3, 0xb3,
  0x00, 0x00, 0x00, 0x00, 0x00, 0x00, 0x00, 0x00, 0xf3, 0xb3, 0x00, 0x00,
  0x00, 0x00, 0x00, 0x00, 0x00, 0x00, 0xf3, 0xb3, 0x00, 0x00, 0x00, 0x00,
  0x00, 0x00, 0x00, 0x00, 0xf3, 0xb3, 0x00, 0x00, 0x00, 0x00, 0x00, 0x00,
  0x00, 0x00, 0xf3, 0xb3, 0x00, 0x00, 0x00, 0x00, 0x00, 0x00, 0x00, 0x00,
  0xf3, 0xb3, 0x00, 0x00, 0x00, 0x00, 0x00, 0x00, 0x00, 0x00, 0xf3, 0xb3,
  0x00, 0x00, 0x00, 0x00, 0x00, 0x00, 0x00, 0x00, 0xf3, 0xb3, 0x00, 0x00,
  0x00, 0x00, 0x00, 0x00, 0x00, 0x00, 0xf3, 0xb3, 0x00, 0x00, 0x00, 0x00,
  0x00, 0x00, 0x00, 0x00, 0xf3, 0xb3, 0x00, 0x00, 0x00, 0x00, 0x00, 0x00,
  0x00, 0x00, 0xf3, 0xe8, 0xaf, 0xaf, 0xaf, 0xaf, 0xaf, 0xaf, 0xa8, 0x14,
  0xc1, 0xff, 0xff, 0xff, 0xff, 0xff, 0xff, 0xff, 0xf9, 0x28, 0xd5, 0x95,
  0x00, 0x00, 0x00, 0x00, 0x00, 0x00, 0x00, 0x00, 0x50, 0xf4, 0x26, 0xf3,
  0xf6, 0x12, 0x00, 0x00, 0x00, 0x00, 0x00, 0x00, 0x00, 0xc0, 0xff, 0x3b,
  0xf3, 0xff, 0x74, 0x00, 0x00, 0x00, 0x00, 0x00, 0x00, 0x2b, 0xff, 0xff,
  0x3b, 0xf3, 0xff, 0xdd, 0x02, 0x00, 0x00, 0x00, 0x00, 0x00, 0x96, 0xff,
  0xff, 0x3b, 0xf3, 0xff, 0xff, 0x4b, 0x00, 0x00, 0x00, 0x00, 0x0d, 0xf3,
  0xff, 0xff, 0x3b, 0xf3, 0xc9, 0xfc, 0xb6, 0x00, 0x00, 0x00, 0x00, 0x6b,
  0xff, 0xc5, 0xff, 0x3b, 0xf3, 0xab, 0xae, 0xfe, 0x24, 0x00, 0x00, 0x00,
  0xd5, 0xeb, 0x6f, 0xff, 0x3b, 0xf3, 0xab, 0x43, 0xff, 0x8d, 0x00, 0x00,
  0x41, 0xff, 0x88, 0x67, 0xff, 0x3b, 0xf3, 0xab, 0x00, 0xd7, 0xee, 0x0a,
  0x00, 0xac, 0xfd, 0x21, 0x67, 0xff, 0x3b, 0xf3, 0xab, 0x00, 0x6d, 0xff,
  0x64, 0x1a, 0xfb, 0xb4, 0x00, 0x67, 0xff, 0x3b, 0xf3, 0xab, 0x00, 0x0e,
  0xf3, 0xcf, 0x81, 0xff, 0x4a, 0x00, 0x67, 0xff, 0x3b, 0xf3, 0xab, 0x00,
  0x00, 0x97, 0xff, 0xf5, 0xde, 0x02, 0x00, 0x67, 0xff, 0x3b, 0xf3, 0xab,
  0x00, 0x00, 0x2c, 0xff, 0xff, 0x75, 0x00, 0x00, 0x67, 0xff, 0x3b, 0xf3,
  0xab, 0x00, 0x00, 0x00, 0xbd, 0xf5, 0x14, 0x00, 0x00, 0x67, 0xff, 0x3b,
  0xf3, 0xab, 0x00, 0x00, 0x00, 0x05, 0x0d, 0x00, 0x00, 0x00, 0x67, 0xff,
  0x3b, 0xf3, 0xab, 0x00, 0x00, 0x00, 0x00, 0x00, 0x00, 0x00, 0x00, 0x67,
  0xff, 0x3b, 0xf3, 0xab, 0x00, 0x00, 0x00, 0x00, 0x00, 0x00, 0x00, 0x00,
  0x67, 0xff, 0x3b, 0xd5, 0x8d, 0x00, 0x00, 0x00, 0x00, 0x00, 0x00, 0x00,
  0x00, 0x4d, 0xf2, 0x26, 0xd4, 0x8f, 0x00, 0x00, 0x00, 0x00, 0x00, 0x00,
  0xd7, 0x91, 0xf3, 0xfb, 0x23, 0x00, 0x00, 0x00, 0x00, 0x00, 0xf7, 0xaf,
  0xf3, 0xff, 0x9e, 0x00, 0x00, 0x00, 0x00, 0x00, 0xf7, 0xaf, 0xf3, 0xff,
  0xfb, 0x22, 0x00, 0x00, 0x00, 0x00, 0xf7, 0xaf, 0xf3, 0xf8, 0xff, 0x9d,
  0x00, 0x00, 0x00, 0x00, 0xf7, 0xaf, 0xf3, 0xb8, 0xdc, 0xfb, 0x22, 0x00,
  0x00, 0x00, 0xf7, 0xaf, 0xf3, 0xb3, 0x61, 0xff, 0x9d, 0x00, 0x00, 0x00,
  0xf7, 0xaf, 0xf3, 0xb3, 0x04, 0xdd, 0xfb, 0x21, 0x00, 0x00, 0xf7, 0xaf,
  0xf3, 0xb3, 0x00, 0x62, 0xff, 0x9c, 0x00, 0x00, 0xf7, 0xaf, 0xf3, 0xb3,
  0x00, 0x04, 0xde, 0xfb, 0x21, 0x00, 0xf7, 0xaf, 0xf3, 0xb3, 0x00, 0x00,
  0x63, 0xff, 0x9c, 0x00, 0xf7, 0xaf, 0xf3, 0xb3, 0x00, 0x00, 0x05, 0xdf,
  0xfb, 0x21, 0xf7, 0xaf, 0xf3, 0xb3, 0x00, 0x00, 0x00, 0x65, 0xff, 0x9b,
  0xf7, 0xaf, 0xf3, 0xb3, 0x00, 0x00, 0x00, 0x05, 0xe0, 0xfa, 0xfd, 0xaf,
  0xf3, 0xb3, 0x00, 0x00, 0x00, 0x00, 0x66, 0xff, 0xff, 0xaf, 0xf3, 0xb3,
  0x00, 0x00, 0x00, 0x00, 0x05, 0xe1, 0xff, 0xaf, 0xf3, 0xb3, 0x00, 0x00,
  0x00, 0x00, 0x00, 0x67, 0xff, 0xaf, 0xd5, 0x94, 0x00, 0x00, 0x00, 0x00,
  0x00, 0x06, 0xd0, 0x91, 0x02, 0x7d, 0xdf, 0xff, 0xff, 0xff, 0xff, 0xf8,
  0xbb, 0x24, 0x00, 0x6f, 0xff, 0xea, 0xb3, 0xaf, 0xaf, 0xaf, 0xc4, 0xff,
  0xe3, 0x0b, 0xd0, 0xf9, 0x18, 0x00, 0x00, 0x00, 0x00, 0x00, 0x84, 0xff,
  0x60, 0xf1, 0xbb, 0x00, 0x00, 0x00, 0x00, 0x00, 0x00, 0x1e, 0xff, 0x88,
  0xf3, 0xab, 0x00, 0x00, 0x00, 0x00, 0x00, 0x00, 0x13, 0xff, 0x8b, 0xf3,
  0xab, 0x00, 0x00, 0x00, 0x00, 0x00, 0x00, 0x13, 0xff, 0x8b, 0xf3, 0xab,
  0x00, 0x00, 0x00, 0x00, 0x00, 0x00, 0x13, 0xff, 0x8b, 0xf3, 0xab, 0x00,
  0x00, 0x00, 0x00, 0x00, 0x00, 0x13, 0xff, 0x8b, 0xf3, 0xab, 0x00, 0x00,
  0x00, 0x00, 0x00, 0x00, 0x13, 0xff, 0x8b, 0xf3, 0xab, 0x00, 0x00, 0x00,
  0x00, 0x00, 0x00, 0x13, 0xff, 0x8b, 0xf3, 0xab, 0x00, 0x00, 0x00, 0x00,
  0x00, 0x00, 0x13, 0xff, 0x8b, 0xf3, 0xab, 0x00, 0x00, 0x00, 0x00, 0x00,
  0x00, 0x13, 0xff, 0x8b, 0xf3, 0xab, 0x00, 0x00, 0x00, 0x00, 0x00, 0x00,
  0x13, 0xff, 0x8b, 0xf3, 0xab, 0x00, 0x00, 0x00, 0x00, 0x00, 0x00, 0x13,
  0xff, 0x8b, 0xf0, 0xbe, 0x00, 0x00, 0x00, 0x00, 0x00, 0x00, 0x1e, 0xff,
  0x88, 0xca, 0xfc, 0x23, 0x00, 0x00, 0x00, 0x00, 0x00, 0x84, 0xff, 0x60,
  0x5a, 0xff, 0xee, 0xb3, 0xaf, 0xaf, 0xaf, 0xc4, 0xff, 0xe4, 0x0c, 0x00,
  0x68, 0xdc, 0xff, 0xff, 0xff, 0xff, 0xf8, 0xbd, 0x25, 0x00, 0x25, 0xc1,
  0xf7, 0xff, 0xff, 0xff, 0xf4, 0xb4, 0x23, 0x00, 0xb9, 0xff, 0xcd, 0xaf,
  0xaf, 0xaf, 0xcc, 0xff, 0xe9, 0x15, 0xec, 0xcf, 0x00, 0x00, 0x00, 0x00,
  0x00, 0x7e, 0xff, 0x7e, 0xf3, 0xb3, 0x00, 0x00, 0x00, 0x00, 0x00, 0x07,
  0xfc, 0xac, 0xf3, 0xb3, 0x00, 0x00, 0x00, 0x00, 0x00, 0x00, 0xf7, 0xaf,
  0xf3, 0xb3, 0x00, 0x00, 0x00, 0x00, 0x00, 0x00, 0xf7, 0xaf, 0xf3, 0xb3,
  0x00, 0x00, 0x00, 0x00, 0x00, 0x00, 0xf7, 0xaf, 0xf3, 0xbc, 0x00, 0x00,
  0x00, 0x00, 0x00, 0x18, 0xfe, 0xa3, 0xf3, 0xf8, 0x3b, 0x00, 0x00, 0x00,
  0x1b, 0xbc, 0xff, 0x63, 0xf3, 0xff, 0xff, 0xff, 0xff, 0xff, 0xff, 0xff,
  0xb9, 0x02, 0xf3, 0xe8, 0xaf, 0xaf, 0xaf, 0xaf, 0xa5, 0x66, 0x03, 0x00,
  0xf3, 0xb3, 0x00, 0x00, 0x00, 0x00, 0x00, 0x00, 0x00, 0x00, 0xf3, 0xb3,
  0x00, 0x00, 0x00, 0x00, 0x00, 0x00, 0x00, 0x00, 0xf3, 0xb3, 0x00, 0x00,
  0x00, 0x00, 0x00, 0x00, 0x00, 0x00, 0xf3, 0xb3, 0x00, 0x00, 0x00, 0x00,
  0x00, 0x00, 0x00, 0x00, 0xf3, 0xb3, 0x00, 0x00, 0x00, 0x00, 0x00, 0x00,
  0x00, 0x00, 0xf3, 0xb3, 0x00, 0x00, 0x00, 0x00, 0x00, 0x00, 0x00, 0x00,
  0xd5, 0x93, 0x00, 0x00, 0x00, 0x00, 0x00, 0x00, 0x00, 0x00, 0x02, 0x7d,
  0xdf, 0xff, 0xff, 0xff, 0xff, 0xef, 0x9f, 0x0d, 0x00, 0x6f, 0xff, 0xea,
  0xb3, 0xaf, 0xaf, 0xaf, 0xd7, 0xff, 0xb3, 0x00, 0xd0, 0xf9, 0x18, 0x00,
  0x00, 0x00, 0x00, 0x04, 0xbb, 0xff, 0x24, 0xf1, 0xbb, 0x00, 0x00, 0x00,
  0x00, 0x00, 0x00, 0x5a, 0xff, 0x4c, 0xf3, 0xab, 0x00, 0x00, 0x00, 0x00,
  0x00, 0x00, 0x4f, 0xff, 0x4f, 0xf3, 0xab, 0x00, 0x00, 0x00, 0x00, 0x00,
  0x00, 0x4f, 0xff, 0x4f, 0xf3, 0xab, 0x00, 0x00, 0x00, 0x00, 0x00, 0x00,
  0x4f, 0xff, 0x4f, 0xf3, 0xab, 0x00, 0x00, 0x00, 0x00, 0x00, 0x00, 0x4f,
  0xff, 0x4f, 0xf3, 0xab, 0x00, 0x00, 0x00, 0x00, 0x00, 0x00, 0x4f, 0xff,
  0x4f, 0xf3, 0xab, 0x00, 0x00, 0x00, 0x00, 0x00, 0x00, 0x4f, 0xff, 0x4f,
  0xf3, 0xab, 0x00, 0x00, 0x00, 0x00, 0x00, 0x00, 0x4f, 0xff, 0x4f, 0xf3,
  0xab, 0x00, 0x00, 0x00, 0x00, 0x00, 0x00, 0x4f, 0xff, 0x4f, 0xf3, 0xab,
  0x00, 0x00, 0x00, 0x00, 0x00, 0x00, 0x4f, 0xff, 0x4f, 0xf3, 0xab, 0x00,
  0x00, 0x00, 0x4f, 0x95, 0x04, 0x4f, 0xff, 0x4f, 0xf0, 0xbe, 0x00, 0x00,
  0x00, 0x8b, 0xff, 0xa6, 0x61, 0xff, 0x4c, 0xca, 0xfc, 0x23, 0x00, 0x00,
  0x03, 0xab, 0xff, 0xf3, 0xff, 0x27, 0x5a, 0xff, 0xee, 0xb3, 0xaf, 0xaf,
  0xb5, 0xfe, 0xff, 0xdf, 0x01, 0x00, 0x68, 0xdc, 0xff, 0xff, 0xff, 0xff,
  0xef, 0xd6, 0xff, 0x5f, 0x00, 0x00, 0x00, 0x00, 0x00, 0x00, 0x00, 0x00,
  0x04, 0x62, 0x0f, 0x29, 0xc4, 0xf8, 0xff, 0xff, 0xff, 0xf4, 0xb4, 0x23,
  0x00, 0xbc, 0xff, 0xcd, 0xaf, 0xaf, 0xaf, 0xcc, 0xff, 0xe9, 0x15, 0xec,
  0xcf, 0x00, 0x00, 0x00, 0x00, 0x00, 0x7e, 0xff, 0x7e, 0xf3, 0xb3, 0x00,
  0x00, 0x00, 0x00, 0x00, 0x07, 0xfc, 0xac, 0xf3, 0xb3, 0x00, 0x00, 0x00,
  0x00, 0x00, 0x00, 0xf7, 0xaf, 0xf3, 0xb3, 0x00, 0x00, 0x00, 0x00, 0x00,
  0x00, 0xf7, 0xaf, 0xf3, 0xb3, 0x00, 0x00, 0x00, 0x00, 0x00, 0x00, 0xf7,
  0xaf, 0xf3, 0xbc, 0x00, 0x00, 0x00, 0x00, 0x00, 0x18, 0xfe, 0xaa, 0xf3,
  0xf8, 0x3b, 0x00, 0x00, 0x00, 0x1b, 0xbc, 0xff, 0x76, 0xf3, 0xff, 0xff,
  0xff, 0xff, 0xff, 0xff, 0xff, 0xce, 0x0a, 0xf3, 0xe5, 0xa7, 0xb1, 0xff,
  0xf3, 0x9e, 0x68, 0x06, 0x00, 0xf3, 0xb3, 0x00, 0x00, 0xb2, 0xff, 0x45,
  0x00, 0x00, 0x00, 0xf3, 0xb3, 0x00, 0x00, 0x1e, 0xf4, 0xdc, 0x08, 0x00,
  0x00, 0xf3, 0xb3, 0x00, 0x00, 0x00, 0x74, 0xff, 0x83, 0x00, 0x00, 0xf3,
  0xb3, 0x00, 0x00, 0x00, 0x04, 0xd1, 0xf9, 0x28, 0x00, 0xf3, 0xb3, 0x00,
  0x00, 0x00, 0x00, 0x39, 0xfe, 0xc0, 0x00, 0xf3, 0xb3, 0x00, 0x00, 0x00,
  0x00, 0x00, 0x98, 0xff, 0x5f, 0xd5, 0x93, 0x00, 0x00, 0x00, 0x00, 0x00,
  0x10, 0xd7, 0x59, 0x00, 0x47, 0xcb, 0xfc, 0xff, 0xff, 0xf5, 0xbf, 0x35,
  0x00, 0x45, 0xfe, 0xfa, 0xbc, 0xaf, 0xaf, 0xc5, 0xff, 0xf4, 0x29, 0xc5,
  0xfa, 0x3d, 0x00, 0x00, 0x00, 0x00, 0x5b, 0xff, 0x8e, 0xf1, 0xbe, 0x00,
  0x00, 0x00, 0x00, 0x00, 0x01, 0xd6, 0x8f, 0xf3, 0xb3, 0x00, 0x00, 0x00,
  0x00, 0x00, 0x00, 0x00, 0x00, 0xf3, 0xb3, 0x00, 0x00, 0x00, 0x00, 0x00,
  0x00, 0x00, 0x00, 0xe8, 0xd0, 0x00, 0x00, 0x00, 0x00, 0x00, 0x00, 0x00,
  0x00, 0xaa, 0xff, 0x85, 0x0b, 0x00, 0x00, 0x00, 0x00, 0x00, 0x00, 0x1e,
  0xe6, 0xff, 0xff, 0xff, 0xff, 0xf4, 0xb2, 0x20, 0x00, 0x00, 0x14, 0x7e,
  0xac, 0xaf, 0xaf, 0xcc, 0xff, 0xe5, 0x11, 0x00, 0x00, 0x00, 0x00, 0x00,
  0x00, 0x00, 0x84, 0xff, 0x7a, 0x00, 0x00, 0x00, 0x00, 0x00, 0x00, 0x00,
  0x09, 0xfc, 0xaa, 0x00, 0x00, 0x00, 0x00, 0x00, 0x00, 0x00, 0x00, 0xf7,
  0xaf, 0x0c, 0x05, 0x00, 0x00, 0x00, 0x00, 0x00, 0x00, 0xf7, 0xaf, 0xe5,
  0xab, 0x00, 0x00, 0x00, 0x00, 0x00, 0x09, 0xfc, 0xaa, 0xcd, 0xf4, 0x2a,
  0x00, 0x00, 0x00, 0x00, 0x82, 0xff, 0x7a, 0x5c, 0xff, 0xf5, 0xb5, 0xab,
  0xab, 0xc9, 0xff, 0xe6, 0x11, 0x00, 0x5b, 0xd3, 0xfc, 0xff, 0xff, 0xf4,
  0xb4, 0x20, 0x00, 0xd6, 0xff, 0xff, 0xff, 0xff, 0xff, 0xff, 0xff, 0xff,
  0xf4, 0x17, 0x8a, 0xaf, 0xaf, 0xaf, 0xe6, 0xfd, 0xaf, 0xaf, 0xaf, 0xa4,
  0x0a, 0x00, 0x00, 0x00, 0x00, 0xaf, 0xf7, 0x00, 0x00, 0x00, 0x00, 0x00,
  0x00, 0x00, 0x00, 0x00, 0xaf, 0xf7, 0x00, 0x00, 0x00, 0x00, 0x00, 0x00,
  0x00, 0x00, 0x00, 0xaf, 0xf7, 0x00, 0x00, 0x00, 0x00, 0x00, 0x00, 0x00,
  0x00, 0x00, 0xaf, 0xf7, 0x00, 0x00, 0x00, 0x00, 0x00, 0x00, 0x00, 0x00,
  0x00, 0xaf, 0xf7, 0x00, 0x00, 0x00, 0x00, 0x00, 0x00, 0x00, 0x00, 0x00,
  0xaf, 0xf7, 0x00, 0x00, 0x00, 0x00, 0x00, 0x00, 0x00, 0x00, 0x00, 0xaf,
  0xf7, 0x00, 0x00, 0x00, 0x00, 0x00, 0x00, 0x00, 0x00, 0x00, 0xaf, 0xf7,
  0x00, 0x00, 0x00, 0x00, 0x00, 0x00, 0x00, 0x00, 0x00, 0xaf, 0xf7, 0x00,
  0x00, 0x00, 0x00, 0x00, 0x00, 0x00, 0x00, 0x00, 0xaf, 0xf7, 0x00, 0x00,
  0x00, 0x00, 0x00, 0x00, 0x00, 0x00, 0x00, 0xaf, 0xf7, 0x00, 0x00, 0x00,
  0x00, 0x00, 0x00, 0x00, 0x00, 0x00, 0xaf, 0xf7, 0x00, 0x00, 0x00, 0x00,
  0x00, 0x00, 0x00, 0x00, 0x00, 0xaf, 0xf7, 0x00, 0x00, 0x00, 0x00, 0x00,
  0x00, 0x00, 0x00, 0x00, 0xaf, 0xf7, 0x00, 0x00, 0x00, 0x00, 0x00, 0x00,
  0x00, 0x00, 0x00, 0xaf, 0xf7, 0x00, 0x00, 0x00, 0x00, 0x00, 0x00, 0x00,
  0x00, 0x00, 0x90, 0xd8, 0x00, 0x00, 0x00, 0x00, 0x00, 0xd5, 0x94, 0x00,
  0x00, 0x00, 0x00, 0x00, 0x00, 0xd7, 0x91, 0xf3, 0xb3, 0x00, 0x00, 0x00,
  0x00, 0x00, 0x00, 0xf7, 0xaf, 0xf3, 0xb3, 0x00, 0x00, 0x00, 0x00, 0x00,
  0x00, 0xf7, 0xaf, 0xf3, 0xb3, 0x00, 0x00, 0x00, 0x00, 0x00, 0x00, 0xf7,
  0xaf, 0xf3, 0xb3, 0x00, 0x00, 0x00, 0x00, 0x00, 0x00, 0xf7, 0xaf, 0xf3,
  0xb3, 0x00, 0x00, 0x00, 0x00, 0x00, 0x00, 0xf7, 0xaf, 0xf3, 0xb3, 0x00,
  0x00, 0x00, 0x00, 0x00, 0x00, 0xf7, 0xaf, 0xf3, 0xb3, 0x00, 0x00, 0x00,
  0x00, 0x00, 0x00, 0xf7, 0xaf, 0xf3, 0xb3, 0x00, 0x00, 0x00, 0x00, 0x00,
  0x00, 0xf7, 0xaf, 0xf3, 0xb3, 0x00, 0x00, 0x00, 0x00, 0x00, 0x00, 0xf7,
  0xaf, 0xf3, 0xb3, 0x00, 0x00, 0x00, 0x00, 0x00, 0x00, 0xf7, 0xaf, 0xf3,
  0xb3, 0x00, 0x00, 0x00, 0x00, 0x00, 0x00, 0xf7, 0xaf, 0xf3, 0xb3, 0x00,
  0x00, 0x00, 0x00, 0x00, 0x00, 0xf7, 0xaf, 0xf3, 0xb3, 0x00, 0x00, 0x00,
  0x00, 0x00, 0x00, 0xf7, 0xaf, 0xf0, 0xc0, 0x00, 0x00, 0x00, 0x00, 0x00,
  0x08, 0xfc, 0xab, 0xc2, 0xfa, 0x3b, 0x00, 0x00, 0x00, 0x00, 0x80, 0xff,
  0x7d, 0x42, 0xfe, 0xf9, 0xbb, 0xaf, 0xaf, 0xcc, 0xff, 0xe8, 0x14, 0x00,
  0x47, 0xcc, 0xfc, 0xff, 0xff, 0xf4, 0xb5, 0x22, 0x00, 0xbd, 0x90, 0x00,
  0x00, 0x00, 0x00, 0x00, 0x00, 0x4f, 0xe6, 0x20, 0xc7, 0xed, 0x01, 0x00,
  0x00, 0x00, 0x00, 0x00, 0xa5, 0xfe, 0x13, 0x85, 0xff, 0x2e, 0x00, 0x00,
  0x00, 0x00, 0x00, 0xe4, 0xcf, 0x00, 0x43, 0xff, 0x6e, 0x00, 0x00, 0x00,
  0x00, 0x24, 0xff, 0x8d, 0x00, 0x09, 0xf8, 0xae, 0x00, 0x00, 0x00, 0x00,
  0x63, 0xff, 0x4c, 0x00, 0x00, 0xc0, 0xed, 0x01, 0x00, 0x00, 0x00, 0xa3,
  0xfc, 0x0e, 0x00, 0x00, 0x7e, 0xff, 0x2d, 0x00, 0x00, 0x00, 0xe2, 0xc8,
  0x00, 0x00, 0x00, 0x3d, 0xff, 0x6d, 0x00, 0x00, 0x21, 0xff, 0x87, 0x00,
  0x00, 0x00, 0x06, 0xf5, 0xad, 0x00, 0x00, 0x61, 0xff, 0x45, 0x00, 0x00,
  0x00, 0x00, 0xb9, 0xec, 0x01, 0x00, 0xa0, 0xf9, 0x0a, 0x00, 0x00, 0x00,
  0x00, 0x78, 0xff, 0x2c, 0x00, 0xdf, 0xc2, 0x00, 0x00, 0x00, 0x00, 0x00,
  0x36, 0xff, 0x6c, 0x1f, 0xff, 0x80, 0x00, 0x00, 0x00, 0x00, 0x00, 0x03,
  0xf1, 0xac, 0x5e, 0xff, 0x3e, 0x00, 0x00, 0x00, 0x00, 0x00, 0x00, 0xb3,
  0xeb, 0x9f, 0xf6, 0x07, 0x00, 0x00, 0x00, 0x00, 0x00, 0x00, 0x71, 0xff,
  0xf4, 0xbb, 0x00, 0x00, 0x00, 0x00, 0x00, 0x00, 0x00, 0x2f, 0xff, 0xff,
  0x79, 0x00, 0x00, 0x00, 0x00, 0x00, 0x00, 0x00, 0x01, 0xec, 0xff, 0x38,
  0x00, 0x00, 0x00, 0x00, 0x00, 0x00, 0x00, 0x00, 0x9d, 0xe2, 0x04, 0x00,
  0x00, 0x00, 0x00, 0xc3, 0x95, 0x00, 0x00, 0x00, 0x00, 0x00, 0x00, 0x00,
  0x00, 0x46, 0xed, 0x29, 0xd7, 0xd0, 0x00, 0x00, 0x00, 0x00, 0x00, 0x00,
  0x00, 0x00, 0x80, 0xff, 0x2a, 0xb1, 0xf6, 0x01, 0x00, 0x00, 0x00, 0x00,
  0x00, 0x00, 0x00, 0xa6, 0xfd, 0x07, 0x8b, 0xff, 0x1d, 0x00, 0x00, 0x00,
  0x00, 0x00, 0x00, 0x00, 0xcc, 0xdd, 0x00, 0x64, 0xff, 0x44, 0x00, 0x00,
  0x00, 0x00, 0x00, 0x00, 0x00, 0xf2, 0xb6, 0x00, 0x3e, 0xff, 0x6a, 0x00,
  0x00, 0x6c, 0xab, 0x01, 0x00, 0x19, 0xff, 0x8f, 0x00, 0x17, 0xff, 0x90,
  0x00, 0x00, 0xd5, 0xff, 0x28, 0x00, 0x3f, 0xff, 0x68, 0x00, 0x00, 0xf0,
  0xb7, 0x00, 0x11, 0xfe, 0xff, 0x63, 0x00, 0x65, 0xff, 0x41, 0x00, 0x00,
  0xca, 0xdd, 0x00, 0x4b, 0xff, 0xfa, 0x9e, 0x00, 0x8b, 0xff, 0x1a, 0x00,
  0x00, 0xa4, 0xfd, 0x07, 0x86, 0xf4, 0xad, 0xd9, 0x00, 0xb1, 0xf3, 0x00,
  0x00, 0x00, 0x7d, 0xff, 0x2a, 0xc1, 0xbc, 0x6e, 0xff, 0x15, 0xd8, 0xcc,
  0x00, 0x00, 0x00, 0x57, 0xff, 0x56, 0xf6, 0x81, 0x33, 0xff, 0x53, 0xfa,
  0xa5, 0x00, 0x00, 0x00, 0x31, 0xff, 0xae, 0xff, 0x46, 0x04, 0xf4, 0xaf,
  0xff, 0x7e, 0x00, 0x00, 0x00, 0x0b, 0xff, 0xfa, 0xfd, 0x0e, 0x00, 0xbe,
  0xfa, 0xff, 0x57, 0x00, 0x00, 0x00, 0x00, 0xe4, 0xff, 0xcf, 0x00, 0x00,
  0x83, 0xff, 0xff, 0x30, 0x00, 0x00, 0x00, 0x00, 0xbd, 0xff, 0x94, 0x00,
  0x00, 0x48, 0xff, 0xfe, 0x0b, 0x00, 0x00, 0x00, 0x00, 0x97, 0xff, 0x59,
  0x00, 0x00, 0x0f, 0xfd, 0xe2, 0x00, 0x00, 0x00, 0x00, 0x00, 0x5e, 0xf2,
  0x1b, 0x00, 0x00, 0x00, 0xc2, 0xa8, 0x00, 0x00, 0x00, 0xb0, 0x98, 0x00,
  0x00, 0x00, 0x00, 0x00, 0x03, 0xcd, 0x7f, 0xaf, 0xfc, 0x22, 0x00, 0x00,
  0x00, 0x00, 0x5a, 0xff, 0x76, 0x33, 0xff, 0x97, 0x00, 0x00, 0x00, 0x00,
  0xd2, 0xed, 0x0c, 0x00, 0xb6, 0xf8, 0x18, 0x00, 0x00, 0x4b, 0xff, 0x7c,
  0x00, 0x00, 0x39, 0xff, 0x89, 0x00, 0x00, 0xc3, 0xef, 0x0f, 0x00, 0x00,
  0x00, 0xbc, 0xf2, 0x10, 0x3c, 0xff, 0x81, 0x00, 0x00, 0x00, 0x00, 0x40,
  0xff, 0x7b, 0xb4, 0xf2, 0x12, 0x00, 0x00, 0x00, 0x00, 0x00, 0xc3, 0xf1,
  0xff, 0x87, 0x00, 0x00, 0x00, 0x00, 0x00, 0x00, 0x46, 0xff, 0xf5, 0x15,
  0x00, 0x00, 0x00, 0x00, 0x00, 0x00, 0x46, 0xff, 0xf5, 0x15, 0x00, 0x00,
  0x00, 0x00, 0x00, 0x00, 0xc2, 0xf1, 0xff, 0x87, 0x00, 0x00, 0x00, 0x00,
  0x00, 0x40, 0xff, 0x7b, 0xb4, 0xf3, 0x12, 0x00, 0x00, 0x00, 0x00, 0xbc,
  0xf2, 0x10, 0x3b, 0xff, 0x83, 0x00, 0x00, 0x00, 0x39, 0xff, 0x88, 0x00,
  0x00, 0xc2, 0xf0, 0x10, 0x00, 0x00, 0xb6, 0xf7, 0x18, 0x00, 0x00, 0x49,
  0xff, 0x7e, 0x00, 0x33, 0xff, 0x96, 0x00, 0x00, 0x00, 0x00, 0xd0, 0xee,
  0x0e, 0xaf, 0xfc, 0x21, 0x00, 0x00, 0x00, 0x00, 0x58, 0xff, 0x7a, 0xaf,
  0x96, 0x00, 0x00, 0x00, 0x00, 0x00, 0x03, 0xc9, 0x78, 0xad, 0xa3, 0x00,
  0x00, 0x00, 0x00, 0x00, 0x00, 0x50, 0xdf, 0x16, 0xaf, 0xff, 0x37, 0x00,
  0x00, 0x00, 0x00, 0x04, 0xdb, 0xeb, 0x0c, 0x2d, 0xfd, 0xbc, 0x00, 0x00,
  0x00, 0x00, 0x67, 0xff, 0x72, 0x00, 0x00, 0xa6, 0xff, 0x42, 0x00, 0x00,
  0x09, 0xe5, 0xe5, 0x08, 0x00, 0x00, 0x25, 0xfb, 0xc7, 0x00, 0x00, 0x75,
  0xff, 0x68, 0x00, 0x00, 0x00, 0x00, 0x9c, 0xff, 0x4d, 0x0f, 0xed, 0xde,
  0x05, 0x00, 0x00, 0x00, 0x00, 0x1e, 0xf9, 0xd2, 0x86, 0xff, 0x5e, 0x00,
  0x00, 0x00, 0x00, 0x00, 0x00, 0x92, 0xff, 0xfd, 0xd6, 0x03, 0x00, 0x00,
  0x00, 0x00, 0x00, 0x00, 0x18, 0xf5, 0xff, 0x54, 0x00, 0x00, 0x00, 0x00,
  0x00, 0x00, 0x00, 0x00, 0xb2, 0xf9, 0x01, 0x00, 0x00, 0x00, 0x00, 0x00,
  0x00, 0x00, 0x00, 0xaf, 0xf7, 0x00, 0x00, 0x00, 0x00, 0x00, 0x00, 0x00,
  0x00, 0x00, 0xaf, 0xf7, 0x00, 0x00, 0x00, 0x00, 0x00, 0x00, 0x00, 0x00,
  0x00, 0xaf, 0xf7, 0x00, 0x00, 0x00, 0x00, 0x00, 0x00, 0x00, 0x00, 0x00,
  0xaf, 0xf7, 0x00, 0x00, 0x00, 0x00, 0x00, 0x00, 0x00, 0x00, 0x00, 0xaf,
  0xf7, 0x00, 0x00, 0x00, 0x00, 0x00, 0x00, 0x00, 0x00, 0x00, 0xaf, 0xf7,
  0x00, 0x00, 0x00, 0x00, 0x00, 0x00, 0x00, 0x00, 0x00, 0xaf, 0xf7, 0x00,
  0x00, 0x00, 0x00, 0x00, 0x00, 0x00, 0x00, 0x00, 0x90, 0xd8, 0x00, 0x00,
  0x00, 0x00, 0x00, 0xd3, 0xff, 0xff, 0xff, 0xff, 0xff, 0xff, 0xff, 0xff,
  0x9a, 0x87, 0xaf, 0xaf, 0xaf, 0xaf, 0xaf, 0xaf, 0xd7, 0xff, 0x7f, 0x00,
  0x00, 0x00, 0x00, 0x00, 0x00, 0x01, 0xd1, 0xf1, 0x11, 0x00, 0x00, 0x00,
  0x00, 0x00, 0x00, 0x50, 0xff, 0x85, 0x00, 0x00, 0x00, 0x00, 0x00, 0x00,
  0x00, 0xcd, 0xf4, 0x14, 0x00, 0x00, 0x00, 0x00, 0x00, 0x00, 0x4b, 0xff,
  0x8a, 0x00, 0x00, 0x00, 0x00, 0x00, 0x00, 0x00, 0xc9, 0xf6, 0x17, 0x00,
  0x00, 0x00, 0x00, 0x00, 0x00, 0x47, 0xff, 0x8f, 0x00, 0x00, 0x00, 0x00,
  0x00, 0x00, 0x00, 0xc5, 0xf8, 0x1a, 0x00, 0x00, 0x00, 0x00, 0x00, 0x00,
  0x43, 0xff, 0x95, 0x00, 0x00, 0x00, 0x00, 0x00, 0x00, 0x00, 0xc1, 0xfa,
  0x1e, 0x00, 0x00, 0x00, 0x00, 0x00, 0x00, 0x3f, 0xff, 0x9a, 0x00, 0x00,
  0x00, 0x00, 0x00, 0x00, 0x00, 0xbd, 0xfb, 0x22, 0x00, 0x00, 0x00, 0x00,
  0x00, 0x00, 0x3a, 0xff, 0x9f, 0x00, 0x00, 0x00, 0x00, 0x00, 0x00, 0x00,
  0xb8, 0xfc, 0x25, 0x00, 0x00, 0x00, 0x00, 0x00, 0x00, 0x37, 0xff, 0xa5,
  0x00, 0x00, 0x00, 0x00, 0x00, 0x00, 0x00, 0xb2, 0xff, 0xca, 0xaf, 0xaf,
  0xaf, 0xaf, 0xaf, 0xaf, 0x61, 0xca, 0xff, 0xff, 0xff, 0xff, 0xff, 0xff,
  0xff, 0xff, 0x9c, 0x00, 0x00, 0x00, 0x10, 0x7d, 0xb0, 0xb6, 0x39, 0x00,
  0x00, 0x13, 0xe0, 0xff, 0xff, 0xfe, 0x5d, 0x00, 0x00, 0x8e, 0xff, 0x82,
  0x0b, 0x00, 0x00, 0x00, 0x00, 0xc7, 0xe6, 0x00, 0x00, 0x00, 0x00, 0x00,
  0x00, 0xd3, 0xd3, 0x00, 0x00, 0x00, 0x00, 0x00, 0x00, 0xd3, 0xd3, 0x00,
  0x00, 0x00, 0x00, 0x00, 0x00, 0xd3, 0xd3, 0x00, 0x00, 0x00, 0x00, 0x00,
  0x00, 0xe2, 0xcf, 0x00, 0x00, 0x00, 0x00, 0x00, 0x68, 0xff, 0x94, 0x00,
  0x00, 0x00, 0x00, 0x3a, 0xfb, 0xf2, 0x28, 0x00, 0x00, 0x00, 0x00, 0x5f,
  0xff, 0xdc, 0x0e, 0x00, 0x00, 0x00, 0x00, 0x00, 0x99, 0xff, 0x80, 0x00,
  0x00, 0x00, 0x00, 0x00, 0x09, 0xee, 0xc4, 0x00, 0x00, 0x00, 0x00, 0x00,
  0x00, 0xd3, 0xd3, 0x00, 0x00, 0x00, 0x00, 0x00, 0x00, 0xd3, 0xd3, 0x00,
  0x00, 0x00, 0x00, 0x00, 0x00, 0xd3, 0xd3, 0x00, 0x00, 0x00, 0x00, 0x00,
  0x00, 0xcf, 0xdb, 0x00, 0x00, 0x00, 0x00, 0x00, 0x00, 0xa5, 0xfe, 0x3f,
  0x00, 0x00, 0x00, 0x00, 0x00, 0x31, 0xfb, 0xfa, 0xc2, 0xb7, 0x41, 0x00,
  0x00, 0x00, 0x3e, 0xc7, 0xf8, 0xff, 0x68, 0x2f, 0x66, 0x00, 0x97, 0xff,
  0x0f, 0x97, 0xff, 0x0f, 0x97, 0xff, 0x0f, 0x97, 0xff, 0x0f, 0x97, 0xff,
  0x0f, 0x97, 0xff, 0x0f, 0x97, 0xff, 0x0f, 0x97, 0xff, 0x0f, 0x97, 0xff,
  0x0f, 0x97, 0xff, 0x0f, 0x97, 0xff, 0x0f, 0x97, 0xff, 0x0f, 0x97, 0xff,
  0x0f, 0x97, 0xff, 0x0f, 0x97, 0xff, 0x0f, 0x97, 0xff, 0x0f, 0x97, 0xff,
  0x0f, 0x97, 0xff, 0x0f, 0x97, 0xff, 0x0f, 0x97, 0xff, 0x0f, 0x7b, 0xe7,
  0x07, 0x42, 0xb7, 0xaf, 0x79, 0x0c, 0x00, 0x00, 0x00, 0x68, 0xff, 0xff,
  0xff, 0xd8, 0x0d, 0x00, 0x00, 0x00, 0x00, 0x0d, 0x8d, 0xff, 0x80, 0x00,
  0x00, 0x00, 0x00, 0x00, 0x02, 0xf0, 0xba, 0x00, 0x00, 0x00, 0x00, 0x00,
  0x00, 0xdf, 0xc7, 0x00, 0x00, 0x00, 0x00, 0x00, 0x00, 0xdf, 0xc7, 0x00,
  0x00, 0x00, 0x00, 0x00, 0x00, 0xdf, 0xc7, 0x00, 0x00, 0x00, 0x00, 0x00,
  0x00, 0xdb, 0xd6, 0x00, 0x00, 0x00, 0x00, 0x00, 0x00, 0xa1, 0xff, 0x5a,
  0x00, 0x00, 0x00, 0x00, 0x00, 0x30, 0xf6, 0xf9, 0x30, 0x00, 0x00, 0x00,
  0x00, 0x13, 0xe3, 0xff, 0x53, 0x00, 0x00, 0x00, 0x00, 0x8c, 0xff, 0x8d,
  0x00, 0x00, 0x00, 0x00, 0x00, 0xd1, 0xe5, 0x05, 0x00, 0x00, 0x00, 0x00,
  0x00, 0xdf, 0xc7, 0x00, 0x00, 0x00, 0x00, 0x00, 0x00, 0xdf, 0xc7, 0x00,
  0x00, 0x00, 0x00, 0x00, 0x00, 0xdf, 0xc7, 0x00, 0x00, 0x00, 0x00, 0x00,
  0x00, 0xe7, 0xc2, 0x00, 0x00, 0x00, 0x00, 0x00, 0x4a, 0xff, 0x97, 0x00,
  0x00, 0x4a, 0xb7, 0xc4, 0xfc, 0xf7, 0x26, 0x00, 0x00, 0x74, 0xff, 0xf7,
  0xc2, 0x36, 0x00, 0x00, 0x00, 0x00, 0x00, 0x06, 0x54, 0x5a, 0x0a, 0x00,
  0x00, 0x00, 0x00, 0x00, 0x00, 0x12, 0xc7, 0xfb, 0xff, 0xc6, 0x10, 0x00,
  0x13, 0xca, 0x66, 0x15, 0xd6, 0xfb, 0x52, 0x75, 0xff, 0xd1, 0x28, 0xce,
  0xff, 0x72, 0x14, 0xd7, 0x5a, 0x00, 0x00, 0x89, 0xff, 0xfd, 0xff, 0x91,
  0x00, 0x00, 0x00, 0x00, 0x00, 0x00, 0x00, 0x8a, 0xf1, 0x94, 0x01, 0x00
};
unsigned int MoonGloss_24_len = 17676;

#endif
